<?xml version="1.0" encoding="UTF-8"?>

<recipeml version="0.5">
  <recipe>
    <head>
      <title>Beef Imperial</title>
      <categories>
        <cat>Meat</cat></categories>
      <yield>6</yield></head>
    <ingredients>
      <ing>
        <amt>
          <qty>1 1/4</qty>
          <unit>pounds</unit></amt>
        <item>Semi-frozen flank steak</item></ing>
      <ing>
        <amt>
          <qty>1</qty>
          <unit>tablespoon</unit></amt>
        <item>Soy sauce</item></ing>
      <ing>
        <amt>
          <qty>1</qty>
          <unit>tablespoon</unit></amt>
        <item>Dry sherry</item></ing>
      <ing>
        <amt>
          <qty>1</qty>
          <unit/></amt>
        <item>Egg</item></ing>
      <ing>
        <amt>
          <qty/>
          <unit/></amt>
        <item>Salt &amp; pepper to taste</item></ing>
      <ing>
        <amt>
          <qty>1</qty>
          <unit>teaspoon</unit></amt>
        <item>Cornstarch</item></ing>
      <ing>
        <amt>
          <qty>2</qty>
          <unit>cups</unit></amt>
        <item>Oil</item></ing>
      <ing>
        <amt>
          <qty/>
          <unit/></amt>
        <item>Imperial sauce (up to)</item></ing>
      <ing>
        <amt>
          <qty>6</qty>
          <unit/></amt>
        <item>Dried black Chinese mushrooms; soaked in warm water 20 minutes; drained, remove stems and slice</item></ing>
      <ing>
        <amt>
          <qty>1</qty>
          <unit>cup</unit></amt>
        <item>Bamboo shoots; sliced</item></ing>
      <ing>
        <amt>
          <qty>3</qty>
          <unit>slices</unit></amt>
        <item>Ginger</item></ing>
      <ing>
        <amt>
          <qty>2</qty>
          <unit/></amt>
        <item>Cloves garlic; sliced</item></ing>
      <ing>
        <amt>
          <qty>1</qty>
          <unit/></amt>
        <item>Handful of fresh snow peas; stringed</item></ing>
      <ing>
        <amt>
          <qty/>
          <unit/></amt>
        <item>Oriental sesame oil (optional)</item></ing></ingredients>
    <directions>
      <step>  Remove fat,muscle &amp; any gristle from meat. Cut in 1/2 lengthwise. Slice
  each piece crosswise, against the grain &amp; on a slight slant, so you have
  1/4-in. slices. Place in bowl &amp; marinate for 1 hr. in soy sauce, sherry,
  egg, salt, pepper &amp; cornstarch. Heat a wok hot &amp; dry. Add oil. When it's
  just beginning to smoke,add meat mixture, stirring it quickly so the pieces
  separate. After 1 min.,drain through a colander or sieve, reserving 2-3
  tbs. oil. Prepare the Imperial Sauce. Return reserved oil to the wok. Add
  mushrooms, bamboo shoots, ginger, garlic, snow peas &amp; meat. Move wok back &amp;
  forth rapidly in the air so the vegetables are flipped into the air
  continuously. Add Imperial Sauce &amp; continue flipping vegetables &amp; meat 3
  min. or until the sauce thickens. If desired,sprinkle a few drops of sesame
  oil on mixture. Serve. Don't mistake Oriental for American sesame oil. They
  are totally different.
  
  MING'S
  
  YORK ROAD; BALTIMORE
  
  WINE:WAN-FU
  
  From the &lt;Micro Cookbook Collection of Chinese Recipes&gt;.  Downloaded from
  Glen's MM Recipe Archive, http://www.erols.com/hosey.
 
</step></directions></recipe></recipeml>
