<?xml version="1.0" encoding="UTF-8"?>

<recipeml version="0.5">
  <recipe>
    <head>
      <title>Beef in Walnut Sauce</title>
      <categories>
        <cat>Meats</cat></categories>
      <yield>12</yield></head>
    <ingredients>
      <ing>
        <amt>
          <qty>4</qty>
          <unit>pounds</unit></amt>
        <item>Rump roast, cut in cubes</item></ing>
      <ing>
        <amt>
          <qty/>
          <unit/></amt>
        <item>Seasoned flour</item></ing>
      <ing>
        <amt>
          <qty/>
          <unit/></amt>
        <item>Olive oil</item></ing>
      <ing>
        <amt>
          <qty>1/2</qty>
          <unit>cups</unit></amt>
        <item>Water</item></ing>
      <ing>
        <amt>
          <qty>1</qty>
          <unit>can</unit></amt>
        <item>(8-oz) tomato sauce</item></ing>
      <ing>
        <amt>
          <qty>4</qty>
          <unit/></amt>
        <item>To 6 garlic buds; minced</item></ing>
      <ing>
        <amt>
          <qty>1/3</qty>
          <unit>cups</unit></amt>
        <item>Cider vinegar</item></ing>
      <ing>
        <amt>
          <qty>1</qty>
          <unit/></amt>
        <item>Whole cinnamon stick</item></ing>
      <ing>
        <amt>
          <qty>8</qty>
          <unit/></amt>
        <item>Whole cloves</item></ing>
      <ing>
        <amt>
          <qty>8</qty>
          <unit/></amt>
        <item>Allspice</item></ing>
      <ing>
        <amt>
          <qty>1</qty>
          <unit>cup</unit></amt>
        <item>Ground walnuts</item></ing>
      <ing>
        <amt>
          <qty>1</qty>
          <unit>tablespoon</unit></amt>
        <item>Lemon juice</item></ing>
      <ing>
        <amt>
          <qty/>
          <unit/></amt>
        <item>Sliced Sourdough French</item></ing>
      <ing>
        <amt>
          <qty/>
          <unit/></amt>
        <item>Bread, toasted</item></ing></ingredients>
    <directions>
      <step>  Dredge meat in seasoned flour. Shake off excess.  Heat oil in large frying
  pan.  Brown meat well.  Transfer to crockery pot. Pour water into frying
  pan to loosen drippings. Add to crockery pot with tomato sauce, garlic and
  vinegar.  Plae cinnamon stick, cloves, and allspice in a tea ball or
  cheesecloth.  Add to pot.
   Cover.  Cook on LOW 8 to 10 hours, or until very tender. If necessary,
  cook down pan juices.  Add walnuts and lemon juice. Heat to serving
  temperature.
   Serve over buttered toast.  Makes 12 servings. SOURCE: Extra Special
  Crockery Pot Recipes
  
  From Gemini's MASSIVE MealMaster collection at www.synapse.com/~gemini
 
</step></directions></recipe></recipeml>
