<?xml version="1.0" encoding="UTF-8"?>

<recipeml version="0.5">
  <recipe>
    <head>
      <title>Beef in Beer</title>
      <categories>
        <cat>Beef</cat></categories>
      <yield>6</yield></head>
    <ingredients>
      <ing>
        <amt>
          <qty>3</qty>
          <unit>tablespoons</unit></amt>
        <item>Vegetable oil</item></ing>
      <ing>
        <amt>
          <qty>3</qty>
          <unit>pounds</unit></amt>
        <item>Boneless chuck cut into</item></ing>
      <ing>
        <amt>
          <qty/>
          <unit/></amt>
        <item>Chunks for stew</item></ing>
      <ing>
        <amt>
          <qty>6</qty>
          <unit>cups</unit></amt>
        <item>Sliced onions (1 1/2 lb)</item></ing>
      <ing>
        <amt>
          <qty/>
          <unit/></amt>
        <item>Salt to taste</item></ing>
      <ing>
        <amt>
          <qty/>
          <unit/></amt>
        <item>Pepper to taste</item></ing>
      <ing>
        <amt>
          <qty>4</qty>
          <unit/></amt>
        <item>Garlic cloves, minced</item></ing>
      <ing>
        <amt>
          <qty>1</qty>
          <unit>cup</unit></amt>
        <item>Beef stock or bouillon</item></ing>
      <ing>
        <amt>
          <qty>2</qty>
          <unit>tablespoons</unit></amt>
        <item>Brown sugar</item></ing>
      <ing>
        <amt>
          <qty>2</qty>
          <unit>cups</unit></amt>
        <item>To 3 cup dark beer</item></ing>
      <ing>
        <amt>
          <qty/>
          <unit/></amt>
        <item>(microbrew preferred)</item></ing>
      <ing>
        <amt>
          <qty>1</qty>
          <unit>large</unit></amt>
        <item>Herb bouquet *</item></ing>
      <ing>
        <amt>
          <qty>1 1/2</qty>
          <unit>tablespoons</unit></amt>
        <item>Cornstarch - blended with</item></ing>
      <ing>
        <amt>
          <qty>2</qty>
          <unit>tablespoons</unit></amt>
        <item>Red wine vinegar</item></ing></ingredients>
    <directions>
      <step>  Herb bouquet is 6 parsley springs, one bay leave and 1/2 teaspoon dried
  thyme tied in a cheesecloth.
  
  Preheat oven to 325.  Add oil to heavy skillet and heat until almost
  smoking.  Brown meat quickly in batches, do not crown the pan. Set meat
  aside.
  
  Reduce heat to medium, add onions (add more oil if necessary)and brown
  onions lightly for 10 minutes, stirring frequently. Remove from pan and set
  aside. Season with salt and pepper and then stir in garlic.
  
  Arrange half of the browned meat in dutch oven and season lightly with salt
  and pepper.  Spread half of the onions over the beef. Repeat with the rest
  of the beef and onions.
  
  Heat the stock in the skillet scrapping up any browned bits stuck to the
  bottom.  Stir in the brown sugar and pour over the beef/onion mixture. Add
  enough beer so the meat is barely covered. Bury the herb bouquet in the
  center of the meat chunks.  Bring the mixture to a simmer on top of the
  stove, cover and place in lower third of the preheated 325 degree oven.
  Cook at slow simmer for 2 1/2 hours.
  
  Remove herb bouquet. Drain liquid into a saucepan and skim off fat. Blend
  cornstarch mixture into the cooking liquid and simmer for 3 to 4 minutes.
  Taste and correct seasoning. There should be about 2 cups of sauce. Pour
  sauce back over the meat.
  
  When ready to serve, cover the casserole and simmer for 4 to 5 minutes
  until meat is heated through.
  
  Serve with new potatoes or noodles garnished with parsley.
  
  Washington Post 2/7/96
  
  == Courtesy of Dale &amp; Gail Shipp, Columbia Md. ==
  
                                        Date:
  
  From Gemini's MASSIVE MealMaster collection at www.synapse.com/~gemini
 
</step></directions></recipe></recipeml>
