<?xml version="1.0" encoding="UTF-8"?>

<recipeml version="0.5">
  <recipe>
    <head>
      <title>Beef in Mushroom Sauce</title>
      <categories>
        <cat>Hungary</cat>
        <cat>Beef/veal</cat>
        <cat>Archived</cat></categories>
      <yield>1</yield></head>
    <ingredients>
      <ing>
        <amt>
          <qty>8</qty>
          <unit>ounces</unit></amt>
        <item>Lean joint of beef</item></ing>
      <ing>
        <amt>
          <qty>4</qty>
          <unit>ounces</unit></amt>
        <item>Mushrooms</item></ing>
      <ing>
        <amt>
          <qty>1</qty>
          <unit>ounce</unit></amt>
        <item>Bacon or some bacon rind</item></ing>
      <ing>
        <amt>
          <qty>1</qty>
          <unit>tablespoon</unit></amt>
        <item>Fat</item></ing>
      <ing>
        <amt>
          <qty>1</qty>
          <unit>tablespoon</unit></amt>
        <item>Flour</item></ing>
      <ing>
        <amt>
          <qty>1</qty>
          <unit/></amt>
        <item>Gill sour milk</item></ing>
      <ing>
        <amt>
          <qty>1</qty>
          <unit>medium</unit></amt>
        <item>Onion</item></ing>
      <ing>
        <amt>
          <qty/>
          <unit>pinches</unit></amt>
        <item>Of pepper</item></ing>
      <ing>
        <amt>
          <qty>1</qty>
          <unit>teaspoon</unit></amt>
        <item>Salt</item></ing>
      <ing>
        <amt>
          <qty>1</qty>
          <unit/></amt>
        <item>Gill water</item></ing></ingredients>
    <directions>
      <step>  Put piece of beef in hot fat.  Add peeled and sliced mushrooms, chopped
  onions and seasonings.  Fry these for a few minutes before adding the
  water.  Put the lid on and let it cook slowly, until meat is tender. Remove
  meat and cut it on board into slices about 1/4 inch thick.  Add flour to
  the pan in which the meat was cooked, stir well and add the sour milk.
  Arrange the slices of meat on a dish, and pour thick gravy over it before
  serving.  Garnish with boiled macaroni. From: Hungarian Cooking by
  Elisabeth de Biro Shared By: Pat Stockett
  
  File ftp://ftp.idiscover.co.uk/pub/food/mealmaster/recipes/mmdja006.zip
 
</step></directions></recipe></recipeml>
