<?xml version="1.0" encoding="UTF-8"?>

<recipeml version="0.5">
  <recipe>
    <head>
      <title>Beef Jerky</title>
      <categories>
        <cat>Beef</cat></categories>
      <yield>20</yield></head>
    <ingredients>
      <ing>
        <amt>
          <qty>5</qty>
          <unit>pounds</unit></amt>
        <item>Beef top round roast</item></ing>
      <ing>
        <amt>
          <qty>1/2</qty>
          <unit>cups</unit></amt>
        <item>Liquid smoke flavoring</item></ing>
      <ing>
        <amt>
          <qty>3</qty>
          <unit>cups</unit></amt>
        <item>Soy sauce</item></ing>
      <ing>
        <amt>
          <qty>1/2</qty>
          <unit>pounds</unit></amt>
        <item>Brown sugar</item></ing>
      <ing>
        <amt>
          <qty>1</qty>
          <unit>tablespoon</unit></amt>
        <item>Garlic powder</item></ing>
      <ing>
        <amt>
          <qty>1</qty>
          <unit>tablespoon</unit></amt>
        <item>Ground black pepper</item></ing>
      <ing>
        <amt>
          <qty>1</qty>
          <unit>tablespoon</unit></amt>
        <item>Crushed hot red chiles; to taste</item></ing></ingredients>
    <directions>
      <step>  Trim off all the fat and silverskin from the roast. Cut 1/8-inch the meat
  into 1/8-inch slices. Separate roast into it's natural sections before
  slicing results it meat pieces about the right size. Mix the smoke
  flavoring, soy sauce, sugar, garlic, pepper, and chiles and let stand for 5
  minutes. Then place in a bowl with a tight seal big enough for the marinade
  and cut meat; let stand 10 minutes for flavors to develop. Layer meat in
  the bowl so that each side gets coated with marinade and cover tightly. Let
  stand about 10 minutes, shaking bowl and inverting every few minutes to
  cover all pieces evenly. Longer marinating does not change the flavor.
  Drain meat in sieve or colander and place in single layers on the
  dehydrator trays. (Takes about 7 trays for 5 pounds of meat.) Dry according
  to your dehydrator instructions. Enjoy.
  
  NOTES : I prefer top round because of the large clear sections of meat,
  however, almost any cut will do if you trim the meat well. This marinade
  also works well with fish and turkey.
  Recipe by: Jerry Morrow
  
  Posted to recipelu-digest Volume 01 Number 215 by "Laura J.Bettingen"
  &lt;labette@sprynet.com&gt; on Nov 7, 1997
 
</step></directions></recipe></recipeml>
