<?xml version="1.0" encoding="UTF-8"?>

<recipeml version="0.5">
  <recipe>
    <head>
      <title>Beef Gravy W/homemade Beef Gravy Mix</title>
      <categories>
        <cat>Homemade co</cat>
        <cat>Sauces</cat></categories>
      <yield>1</yield></head>
    <ingredients>
      <ing>
        <amt>
          <qty>1</qty>
          <unit>cup</unit></amt>
        <item>Cold water</item></ing>
      <ing>
        <amt>
          <qty>1/2</qty>
          <unit>cups</unit></amt>
        <item>Beef gravy mix</item></ing></ingredients>
    <directions>
      <step>  Pour water into a small saucepan.  Use a whisk to stir beef gravy mix into
  water.  Stir constantly over medium heat until gravy is smooth and slightly
  thickened.  This will take about 2-3 minutes.  Makes about 1 c .
  
  Posted to EAT-L Digest - 19 Jun 96
  
  Date:    Thu, 20 Jun 1996 17:41:37 -0600
  
  From:    Ilene Warfield &lt;ilenewar@STARNETINC.COM&gt;
  
  Recipe By     : _Make-A-Mix_ by Eliason, Harward &amp; Westover
 
</step></directions></recipe></recipeml>
