<?xml version="1.0" encoding="UTF-8"?>

<recipeml version="0.5">
  <recipe>
    <head>
      <title>Beef in Mushroom Gravy</title>
      <categories>
        <cat>Not</cat>
        <cat>Sent</cat></categories>
      <yield>6</yield></head>
    <ingredients>
      <ing>
        <amt>
          <qty>2</qty>
          <unit>pounds</unit></amt>
        <item>Boneless round steak</item></ing>
      <ing>
        <amt>
          <qty>2</qty>
          <unit/></amt>
        <item>Env dry onion soup mix</item></ing>
      <ing>
        <amt>
          <qty>1</qty>
          <unit/></amt>
        <item>10.75oz can condensed cream of mushroom soup; undiluted</item></ing>
      <ing>
        <amt>
          <qty>1/2</qty>
          <unit>cups</unit></amt>
        <item>Water</item></ing>
      <ing>
        <amt>
          <qty/>
          <unit/></amt>
        <item>Mashed potatoes; optional</item></ing></ingredients>
    <directions>
      <step>  Cut steak into six serving-size peices; place in a slow cooker. Combine
  soup mix, soup and water; pour over beef. Cover and cook on LOW for 7-8
  hours or until meat is tender. Serve with mashed potatoes if desired.
  
  Recipe by: Quick Cooking - Premiere Issue
  
  Posted to EAT-L Digest  by The Taillons &lt;taillon@ACCESS.MOUNTAIN.NET&gt; on
  Jan 24, 1998
 
</step></directions></recipe></recipeml>
