<?xml version="1.0" encoding="UTF-8"?>

<recipeml version="0.5">
  <recipe>
    <head>
      <title>Beef Fondue #2</title>
      <categories>
        <cat>Meat</cat></categories>
      <yield>4</yield></head>
    <ingredients>
      <ing>
        <amt>
          <qty>1 1/2</qty>
          <unit>pounds</unit></amt>
        <item>Beef tenderloin; 3/4 inch thick</item></ing>
      <ing>
        <amt>
          <qty/>
          <unit/></amt>
        <item>Fresh parsley</item></ing>
      <ing>
        <amt>
          <qty/>
          <unit/></amt>
        <item>Buttery-flavor cooking oil</item></ing></ingredients>
    <directions>
      <step>  Arrange beef cubes on platter and border with parsley. Heat oil on range to
  400ø; pour into fondue pot to depth of 2 inches. Place pot on table and
  keep hot over canned heat. Spear meat with fondue fork or skewer and hold
  in hot oil until browned as desired. Dip in desired sauce. Yield: 4 to 6
  servings. Variations:
  
  1. Chicken Fondue: Cut 3 whole chicken breasts (boned and skinned) into
  1/2-inch cubes. Cook chicken in hot oil until lightly browned, 1/2 to 1
  minute.
  
  2. Shrimp Fondue: Cook 2 pounds medium shrimp (shelled and deveined) in hot
  oil until lightly browned, about 1/2 to 1 minute.
  
  From &lt;The Progressive Farmer's Southern Country Cookbook&gt;, by the editors
  of the 'Progressive Farmer Magazine'.  Downloaded from Glen's MM Recipe
  Archive, http://www.erols.com/hosey.
 
</step></directions></recipe></recipeml>
