<?xml version="1.0" encoding="UTF-8"?>

<recipeml version="0.5">
  <recipe>
    <head>
      <title>Beef Fajitas--A1 Steak Sauce Version</title>
      <categories>
        <cat>All newly t</cat>
        <cat>Beef</cat></categories>
      <yield>4</yield></head>
    <ingredients>
      <ing>
        <amt>
          <qty>1/2</qty>
          <unit>cups</unit></amt>
        <item>A-1® Steak Sauce; original or bold</item></ing>
      <ing>
        <amt>
          <qty>1/4</qty>
          <unit>cups</unit></amt>
        <item>Red wine vinegar</item></ing>
      <ing>
        <amt>
          <qty>1/4</qty>
          <unit>cups</unit></amt>
        <item>Vegetable oil; divided</item></ing>
      <ing>
        <amt>
          <qty>2</qty>
          <unit>teaspoons</unit></amt>
        <item>Hickory seasoning</item></ing>
      <ing>
        <amt>
          <qty>1</qty>
          <unit/></amt>
        <item>Clove garlic; minced</item></ing>
      <ing>
        <amt>
          <qty>1/2</qty>
          <unit>teaspoons</unit></amt>
        <item>Liquid hot pepper seasoning</item></ing>
      <ing>
        <amt>
          <qty>1</qty>
          <unit>pound</unit></amt>
        <item>Boneless sirloin steak; thinly sliced</item></ing>
      <ing>
        <amt>
          <qty>1</qty>
          <unit>large</unit></amt>
        <item>Green bell pepper; cut in strips</item></ing>
      <ing>
        <amt>
          <qty>1</qty>
          <unit>large</unit></amt>
        <item>Onion; cut in wedges</item></ing>
      <ing>
        <amt>
          <qty>8</qty>
          <unit/></amt>
        <item>Flour tortilla; heated</item></ing>
      <ing>
        <amt>
          <qty/>
          <unit/></amt>
        <item>Sour cream</item></ing>
      <ing>
        <amt>
          <qty/>
          <unit/></amt>
        <item>Shredded cheddar cheese</item></ing></ingredients>
    <directions>
      <step>  In nonmetal large bowl, combine steak sauce, vinegar, 2 tablespoons oil,
  hickory seasoning, garlic and hot pepper seasoning; add steak, stirring to
  coat. Cover; refrigerate 1 to 2 hours, stirring occasionally.
  
  Remove steak from marinade; reserve marinade. In large skillet, over
  medium-high heat, suate steak in remaining 2 tablespoons oil 5 to 6 minutes
  or until no longer pink. Using slotted spoon, remove steak to clean large
  bowl; keep warm.
  
  In same skillet, saute pepper and onion 5 to 6 minutes or until
  tender-crisp. Add reserved marinade; heat to a boil. Reduce heat; simmer 5
  minutes. Stir in steak; heat through. Serve in warm tortillas topped withs
  our cream and cheese. Makes 4 servings.
  
  Recipe by: A1 Steak Sauce Posted to MC-Recipe Digest V1 #751 by
  L979@aol.com on Aug 21, 1997
 
</step></directions></recipe></recipeml>
