<?xml version="1.0" encoding="UTF-8"?>

<recipeml version="0.5">
  <recipe>
    <head>
      <title>Beef Jerky #2</title>
      <categories>
        <cat>Beef</cat></categories>
      <yield>8</yield></head>
    <ingredients>
      <ing>
        <amt>
          <qty>2</qty>
          <unit>pounds</unit></amt>
        <item>Round steak, chuck steak or roast</item></ing>
      <ing>
        <amt>
          <qty>1</qty>
          <unit>teaspoon</unit></amt>
        <item>Onion salt</item></ing>
      <ing>
        <amt>
          <qty>1/2</qty>
          <unit>teaspoons</unit></amt>
        <item>Salt</item></ing>
      <ing>
        <amt>
          <qty>1/2</qty>
          <unit>teaspoons</unit></amt>
        <item>Garlic salt</item></ing>
      <ing>
        <amt>
          <qty>1/2</qty>
          <unit>teaspoons</unit></amt>
        <item>Lemon pepper</item></ing>
      <ing>
        <amt>
          <qty>1/2</qty>
          <unit>teaspoons</unit></amt>
        <item>Sausage seasoning</item></ing>
      <ing>
        <amt>
          <qty>1/2</qty>
          <unit>teaspoons</unit></amt>
        <item>Thyme</item></ing>
      <ing>
        <amt>
          <qty>1/2</qty>
          <unit>teaspoons</unit></amt>
        <item>Oregano</item></ing>
      <ing>
        <amt>
          <qty>1/2</qty>
          <unit>teaspoons</unit></amt>
        <item>Marjoram</item></ing>
      <ing>
        <amt>
          <qty>1/2</qty>
          <unit>teaspoons</unit></amt>
        <item>Basil</item></ing></ingredients>
    <directions>
      <step>  Combine the spices in a dish. Cut the meat into strips less than 1/4 of an
  inch thick. Remove ALL fat.  Sprinkle one side with the combined seasonings
  and beat with a meat hammer. Turn and repeat the seasoning and beating.
  Place the strips on a cookie sheet or other flat pan. Place in a 120 F oven
  for 4 hrs. Turn and put back for another 4 hrs. Keep the oven door propped
  open for the entire time to allow the moisture to escape. With a gas oven,
  the pilot light may be enough to provide the heat. Store in a plastic bag.
  Also may be stored in a pillowcase. Do not store in a paper bag.
  
  From: cstarz@teleport.Com (Carey Starzidate: 96-07-03 11:21:30 Edt
  Posted to MM-Recipes Digest V3 #291
  
  Date: Wed, 23 Oct 1996 23:54:12 -0400
  
  From: BobbieB1@aol.com
 
</step></directions></recipe></recipeml>
