<?xml version="1.0" encoding="UTF-8"?>

<recipeml version="0.5">
  <recipe>
    <head>
      <title>Beef Jerky #7</title>
      <categories>
        <cat>Beef</cat>
        <cat>Herb/spices</cat></categories>
      <yield>1</yield></head>
    <ingredients>
      <ing-div>
        <title/>
        <ing>
          <amt>
            <qty>3</qty>
            <unit>pounds</unit></amt>
          <item>Flank steak - or London broil</item></ing></ing-div>
      <ing-div>
        <title>MARINADE</title>
        <ing>
          <amt>
            <qty>1/2</qty>
            <unit>cups</unit></amt>
          <item>Light soy sauce</item></ing>
        <ing>
          <amt>
            <qty>4 1/2</qty>
            <unit>tablespoons</unit></amt>
          <item>Honey</item></ing>
        <ing>
          <amt>
            <qty>4 1/2</qty>
            <unit>tablespoons</unit></amt>
          <item>Dry Sherry</item></ing>
        <ing>
          <amt>
            <qty>6</qty>
            <unit/></amt>
          <item>Large garlic cloves - minced</item></ing>
        <ing>
          <amt>
            <qty>1 1/2</qty>
            <unit>tablespoons</unit></amt>
          <item>Ginger - fresh, minced</item></ing>
        <ing>
          <amt>
            <qty>1 1/2</qty>
            <unit>tablespoons</unit></amt>
          <item>Sesame oil</item></ing>
        <ing>
          <amt>
            <qty>1 1/2</qty>
            <unit>tablespoons</unit></amt>
          <item>Red pepper - crushed</item></ing>
        <ing>
          <amt>
            <qty>2</qty>
            <unit>tablespoons</unit></amt>
          <item>Freshly ground white pepper</item></ing></ing-div></ingredients>
    <directions>
      <step>  Cut meat in half lengthwise and slice diagonally crosswise into paper-thin
  strips 1-1/2 to 2 inches wide and 4 inches long. Transfer to shallow pan.
  Combine marinade ingredients and rub thoroughly into meat. Arrange meat on
  racks and let dry at cool room temperature overnight (do not refrigerate).
  Preheat oven to 250F.  Line two large baking sheets with foil and set wire
  rack(s) on top of each.  Arrange meat on racks in single layer. Bake 30
  minutes. Reduce heat to 175F and continue drying meat another 40 minutes
  (meat should be lightly browned but not burned). Let meat continue to dry
  on racks at cool room temperature overnight before packing into jars. Dried
  meat can be brushed lightly with sesame oil for additional flavor and
  shine.
  
  From: Steve Herrick
  
  From: cstarz@teleport.Com (Carey Starzidate: 96-07-03 11:21:30 Edt
  Posted to MM-Recipes Digest V3 #291
  
  Date: Wed, 23 Oct 1996 23:54:12 -0400
  
  From: BobbieB1@aol.com
 
</step></directions></recipe></recipeml>
