<?xml version="1.0" encoding="UTF-8"?>

<recipeml version="0.5">
  <recipe>
    <head>
      <title>Beef Jerky</title>
      <categories>
        <cat>Beef</cat>
        <cat>Spice mix</cat></categories>
      <yield>1</yield></head>
    <ingredients>
      <ing>
        <amt>
          <qty>5</qty>
          <unit>pounds</unit></amt>
        <item>Beef (roast)</item></ing>
      <ing>
        <amt>
          <qty>1/4</qty>
          <unit>cups</unit></amt>
        <item>Soy sauce</item></ing>
      <ing>
        <amt>
          <qty>1</qty>
          <unit>tablespoon</unit></amt>
        <item>Worstershire sauce</item></ing>
      <ing>
        <amt>
          <qty>1</qty>
          <unit>teaspoon</unit></amt>
        <item>Garlic powder</item></ing>
      <ing>
        <amt>
          <qty>1</qty>
          <unit>teaspoon</unit></amt>
        <item>Onion powder</item></ing>
      <ing>
        <amt>
          <qty>1</qty>
          <unit>teaspoon</unit></amt>
        <item>Black pepper (cracked if pos</item></ing>
      <ing>
        <amt>
          <qty/>
          <unit/></amt>
        <item>Red pepper flakes; optional</item></ing>
      <ing>
        <amt>
          <qty>1</qty>
          <unit>tablespoon</unit></amt>
        <item>Liquid smoke</item></ing></ingredients>
    <directions>
      <step>  Recipe by: timpson@acetek.cs.mci.com (Steven D. Timpson) I make Jerky by
  buying about 5+ lbs of beef. Usually a roast. I then remove the fat. Place
  the strips of meat into marinade and let soak for about 24 hours. Remove
  from marinade and allow to air dry for at least one hour. If you have a
  meat smoker then omit the liquid smoke and smoke meat at a low temperature.
  
  From Gemini's MASSIVE MealMaster collection at www.synapse.com/~gemini
 
</step></directions></recipe></recipeml>
