<?xml version="1.0" encoding="UTF-8"?>

<recipeml version="0.5">
  <recipe>
    <head>
      <title>Beef Jerky</title>
      <categories>
        <cat>Beef</cat>
        <cat>Meats</cat></categories>
      <yield>10</yield></head>
    <ingredients>
      <ing>
        <amt>
          <qty>5</qty>
          <unit>pounds</unit></amt>
        <item>Lean beef</item></ing>
      <ing>
        <amt>
          <qty>1</qty>
          <unit>cup</unit></amt>
        <item>Soy sauce</item></ing>
      <ing>
        <amt>
          <qty>2</qty>
          <unit/></amt>
        <item>Cloves Garlic; minced</item></ing>
      <ing>
        <amt>
          <qty>1/2</qty>
          <unit/></amt>
        <item>Onion; chopped fine</item></ing></ingredients>
    <directions>
      <step>  Slice beef into thin strips. This is easier if it is partially frozen.
  
  Mix other ingredients and marinate meat overnight, stirring occasionally.
  
  Place in single layers on racks in dehydrator.
  
  Dry for about 6 hours, depending on thickness of slices, until desired
  degree of dryness is reached.
  
  Note: A significan portion of weight is lost during drying
  
  Recipe by: Bill Hatcher
  
  Posted to MC-Recipe Digest V1 #1025 by janet hughes
  &lt;jhughes@bgnet.bgsu.edu&gt; on Januay,, ary 20, 1998
 
</step></directions></recipe></recipeml>
