<?xml version="1.0" encoding="UTF-8"?>

<recipeml version="0.5">
  <recipe>
    <head>
      <title>Beef Jerky</title>
      <categories>
        <cat>Appetizers</cat>
        <cat>Beef</cat>
        <cat>Snacks</cat>
        <cat>Dehydrator</cat></categories>
      <yield>12</yield></head>
    <ingredients>
      <ing>
        <amt>
          <qty>1</qty>
          <unit>pound</unit></amt>
        <item>Lean beef; chuck or round.</item></ing>
      <ing>
        <amt>
          <qty>1/4</qty>
          <unit>cups</unit></amt>
        <item>Worcestershire sauce</item></ing>
      <ing>
        <amt>
          <qty>1/4</qty>
          <unit>cups</unit></amt>
        <item>Soy sauce</item></ing>
      <ing>
        <amt>
          <qty>1</qty>
          <unit>tablespoon</unit></amt>
        <item>Tomato paste</item></ing>
      <ing>
        <amt>
          <qty>1</qty>
          <unit>tablespoon</unit></amt>
        <item>Vinegar</item></ing>
      <ing>
        <amt>
          <qty>1</qty>
          <unit>teaspoon</unit></amt>
        <item>Sugar</item></ing>
      <ing>
        <amt>
          <qty>1/4</qty>
          <unit>teaspoons</unit></amt>
        <item>Onion flakes</item></ing>
      <ing>
        <amt>
          <qty>1</qty>
          <unit>teaspoon</unit></amt>
        <item>Salt</item></ing>
      <ing>
        <amt>
          <qty>1/4</qty>
          <unit>teaspoons</unit></amt>
        <item>Garlic powder</item></ing></ingredients>
    <directions>
      <step>  Servings: 12
  
  Trim all visible fat from the meat and freeze until firm and solid enough
  to slice into thin strips. Cut across the grain and make sure that the
  slices are as thin as you can make them, about 1/8 inch thick. Cut slices
  into 1-inch- wide strips. Arrange strips in a shallow baking pan.
  
  Combine remaining ingredients and pour liquid over strips. Refrigerate
  overnight or for at least 8 hours.
  
  Preheat oven to 140 degrees. Remove meat from the marinade and place the
  strips on a cake rack over a cookie sheet in the oven. Dry until strips
  will splinter on the edges--from 18-24 hours. Cool completely before
  wrapping lightly with plastic wrap. Jerky will keep in a closely covered
  container for 2 4 weeks.
  
  OR...use your dehydrator according to manufacturer's recommendations.
  
  Yield: 32 oz.
  
  Cost of Ingredients: $2.98 Comparable purchased product: Slim Jim, 1.42 oz,
  $.79 ($17.80) Savings: $14.81
  
  Posted to MC-Recipe Digest V1 #740 by hurlbert &lt;hurlbert@concentric.net&gt; on
  Aug 13, 1997
 
</step></directions></recipe></recipeml>
