<?xml version="1.0" encoding="UTF-8"?>

<recipeml version="0.5">
  <recipe>
    <head>
      <title>Beef in Barbecue Sauce</title>
      <categories>
        <cat>Beef</cat>
        <cat>Chicken</cat>
        <cat>Sauces</cat>
        <cat>Tried and t</cat></categories>
      <yield>4</yield></head>
    <ingredients>
      <ing>
        <amt>
          <qty>1</qty>
          <unit>large</unit></amt>
        <item>Onion; Chopped</item></ing>
      <ing>
        <amt>
          <qty>1</qty>
          <unit>tablespoon</unit></amt>
        <item>Butter</item></ing>
      <ing>
        <amt>
          <qty>2</qty>
          <unit>tablespoons</unit></amt>
        <item>Brown Sugar</item></ing>
      <ing>
        <amt>
          <qty>1</qty>
          <unit>teaspoon</unit></amt>
        <item>Dry Mustard</item></ing>
      <ing>
        <amt>
          <qty>1</qty>
          <unit>teaspoon</unit></amt>
        <item>Paprika</item></ing>
      <ing>
        <amt>
          <qty>1</qty>
          <unit>cup</unit></amt>
        <item>Ketchup</item></ing>
      <ing>
        <amt>
          <qty>1/4</qty>
          <unit>cups</unit></amt>
        <item>Lemon Juice</item></ing>
      <ing>
        <amt>
          <qty>2</qty>
          <unit>tablespoons</unit></amt>
        <item>Cider Vinegar</item></ing>
      <ing>
        <amt>
          <qty>1</qty>
          <unit>teaspoon</unit></amt>
        <item>Salt</item></ing>
      <ing>
        <amt>
          <qty>3/4</qty>
          <unit>cups</unit></amt>
        <item>Cold Water</item></ing>
      <ing>
        <amt>
          <qty>1 1/2</qty>
          <unit>tablespoons</unit></amt>
        <item>Worcestershire Sauce</item></ing>
      <ing>
        <amt>
          <qty>1</qty>
          <unit/></amt>
        <item>Clove Garlic; Minced</item></ing>
      <ing>
        <amt>
          <qty>1</qty>
          <unit>tablespoon</unit></amt>
        <item>Parsley</item></ing>
      <ing>
        <amt>
          <qty>1/2</qty>
          <unit/></amt>
        <item>Green Pepper; Chopped</item></ing>
      <ing>
        <amt>
          <qty>2</qty>
          <unit/></amt>
        <item>Stalks Celery; Chopped</item></ing></ingredients>
    <directions>
      <step>  In a medium saucepan saut onion in butter until it is soft but not browned.
  Add the remaining ingredients and bring to a boil. Reduce heat and simmer
  30 minutes. Add sliced leftover roast and heat.
  
  NOTES : An all purpose sauce that goes well with beef, hot dogs, chicken,
  sausages and even pork. After the sauce had simmered for 30 minutes I cut
  up the beef in slices and added - simmering for an additional 10 minutes.
  Turned out nice and tender.
  Recipe by: The Daily Gleaner Mar. 7/98
  
  Posted to TNT Recipes Digest by "Linda G." &lt;lindag@brunnet.net&gt; on Mar 10,
  1998
 
</step></directions></recipe></recipeml>
