<?xml version="1.0" encoding="UTF-8"?>

<recipeml version="0.5">
  <recipe>
    <head>
      <title>Beef in Vinegar and Oil</title>
      <categories>
        <cat>Appetizers</cat>
        <cat>Meats</cat></categories>
      <yield>1</yield></head>
    <ingredients>
      <ing>
        <amt>
          <qty>1/3</qty>
          <unit>ounces</unit></amt>
        <item>Beef, cooked and sliced</item></ing>
      <ing>
        <amt>
          <qty/>
          <unit/></amt>
        <item>Thinly.</item></ing>
      <ing>
        <amt>
          <qty>1</qty>
          <unit/></amt>
        <item>Apple,peeled and sliced</item></ing>
      <ing>
        <amt>
          <qty/>
          <unit/></amt>
        <item>Thinly</item></ing>
      <ing>
        <amt>
          <qty>2</qty>
          <unit>tablespoons</unit></amt>
        <item>Vinegar</item></ing>
      <ing>
        <amt>
          <qty>2</qty>
          <unit>tablespoons</unit></amt>
        <item>Broth</item></ing>
      <ing>
        <amt>
          <qty>2</qty>
          <unit>tablespoons</unit></amt>
        <item>Oil</item></ing>
      <ing>
        <amt>
          <qty>2</qty>
          <unit>tablespoons</unit></amt>
        <item>Chives, chopped</item></ing></ingredients>
    <directions>
      <step>  1.Put the meat, onion slices and the apple slices in a big bowl. Thin the
  vinegar with a little broth; add oil and pour over all. 2. Let it all sit
  and add the chives before serving with a hearty bread.
 
</step></directions></recipe></recipeml>
