<?xml version="1.0" encoding="UTF-8"?>

<recipeml version="0.5">
  <recipe>
    <head>
      <title>Beef Jardiniere</title>
      <categories>
        <cat>Meats</cat>
        <cat>Main dish</cat>
        <cat>Old</cat></categories>
      <yield>4</yield></head>
    <ingredients>
      <ing>
        <amt>
          <qty>1 1/2</qty>
          <unit>pounds</unit></amt>
        <item>Chuck roast, boneless</item></ing>
      <ing>
        <amt>
          <qty>16</qty>
          <unit>ounces</unit></amt>
        <item>Cn tomatoes</item></ing>
      <ing>
        <amt>
          <qty>1</qty>
          <unit>teaspoon</unit></amt>
        <item>Sugar</item></ing>
      <ing>
        <amt>
          <qty>1</qty>
          <unit>teaspoon</unit></amt>
        <item>Salt</item></ing>
      <ing>
        <amt>
          <qty>1</qty>
          <unit/></amt>
        <item>Bay leaf</item></ing>
      <ing>
        <amt>
          <qty>1</qty>
          <unit/></amt>
        <item>Bouillon cube</item></ing>
      <ing>
        <amt>
          <qty>1/4</qty>
          <unit>teaspoons</unit></amt>
        <item>Thyme, dried</item></ing>
      <ing>
        <amt>
          <qty>1/4</qty>
          <unit>teaspoons</unit></amt>
        <item>Pepper</item></ing>
      <ing>
        <amt>
          <qty>4</qty>
          <unit>medium</unit></amt>
        <item>Carrots</item></ing>
      <ing>
        <amt>
          <qty>16</qty>
          <unit>ounces</unit></amt>
        <item>Cn sweet peas</item></ing></ingredients>
    <directions>
      <step>  Trim all the fat from the meat and cut into bite size cubes. Peel and cut
  carrots into fourths. In a large skillet quickly brown the meat using
  trimmed fat for oil. Stir in the tomatoes breaking them up with the spoon.
  Add the seasonings and carrots. Cover and simmer for 1 1/2 hours. Stir in
  the peas and heat through. Serve over noodles or rice.
  
  From Gemini's MASSIVE MealMaster collection at www.synapse.com/~gemini
 
</step></directions></recipe></recipeml>
