<?xml version="1.0" encoding="UTF-8"?>

<recipeml version="0.5">
  <recipe>
    <head>
      <title>Beef in Costume for Halloween</title>
      <categories>
        <cat>Halloween</cat></categories>
      <yield>1</yield></head>
    <ingredients>
      <ing>
        <amt>
          <qty>1</qty>
          <unit/></amt>
        <item>(4 lb.) pumpkin</item></ing>
      <ing>
        <amt>
          <qty>1</qty>
          <unit>pound</unit></amt>
        <item>Lean ground beef</item></ing>
      <ing>
        <amt>
          <qty>1</qty>
          <unit>cup</unit></amt>
        <item>Chopped onion</item></ing>
      <ing>
        <amt>
          <qty/>
          <unit/></amt>
        <item>Cooking oil</item></ing>
      <ing>
        <amt>
          <qty>1/3</qty>
          <unit>cups</unit></amt>
        <item>Chopped red pepper</item></ing>
      <ing>
        <amt>
          <qty>1/3</qty>
          <unit>cups</unit></amt>
        <item>Chopped green pepper</item></ing>
      <ing>
        <amt>
          <qty>1</qty>
          <unit/></amt>
        <item>Clove minced garlic</item></ing>
      <ing>
        <amt>
          <qty>1</qty>
          <unit>teaspoon</unit></amt>
        <item>Salt</item></ing>
      <ing>
        <amt>
          <qty>1/4</qty>
          <unit>teaspoons</unit></amt>
        <item>Thyme</item></ing>
      <ing>
        <amt>
          <qty>1/4</qty>
          <unit>teaspoons</unit></amt>
        <item>Pepper</item></ing>
      <ing>
        <amt>
          <qty>1</qty>
          <unit/></amt>
        <item>(7 1/2 Oz.) pitted ripe olives</item></ing>
      <ing>
        <amt>
          <qty>1</qty>
          <unit/></amt>
        <item>(8 Oz.) Can tomato sauce</item></ing>
      <ing>
        <amt>
          <qty>2</qty>
          <unit/></amt>
        <item>Beaten eggs</item></ing></ingredients>
    <directions>
      <step>  Preparation : Cut top from pumpkin; scrape out seeds and fibers. Simmer in
  salted water to cover for 20 to 25 minutes or until almost tender. Drain.
  Brown beef and onion. Add peppers and garlic. Cook one minute. Remove from
  heat, stir in remaining ingredients. Spoon into pumpkin. Place "lid" on
  top. Brush pumpkin with oil.
  
  Bake at 350 degrees for 1 hour.
  
  Let stand 10 minutes.
  
  Cut into edges to serve.
  Posted to MC-Recipe Digest V1 #252
  
  Date: Sun, 20 Oct 1996 07:13:09 -0700
  
  From: Greg Leonhardt &lt;gregl@ix.netcom.com&gt;
 
</step></directions></recipe></recipeml>
