<?xml version="1.0" encoding="UTF-8"?>

<recipeml version="0.5">
  <recipe>
    <head>
      <title>Beef in Pepper Sauce</title>
      <categories>
        <cat>Meat</cat></categories>
      <yield>4</yield></head>
    <ingredients>
      <ing>
        <amt>
          <qty>1 1/2</qty>
          <unit>pounds</unit></amt>
        <item>Boneless beef sirloin; trimmed of fat and cut into 1-inch long strips</item></ing>
      <ing>
        <amt>
          <qty>2</qty>
          <unit/></amt>
        <item>Red bell peppers; one chopped and one cut into 1/2-inch strips</item></ing>
      <ing>
        <amt>
          <qty>1</qty>
          <unit/></amt>
        <item>Jalapeno pepper; seeded and</item></ing>
      <ing>
        <amt>
          <qty>2</qty>
          <unit/></amt>
        <item>Cloves garlic; halved</item></ing>
      <ing>
        <amt>
          <qty>1/4</qty>
          <unit>cups</unit></amt>
        <item>Dry white wine</item></ing>
      <ing>
        <amt>
          <qty>3/4</qty>
          <unit>tablespoons</unit></amt>
        <item>Minced fresh ginger</item></ing>
      <ing>
        <amt>
          <qty>1</qty>
          <unit>teaspoon</unit></amt>
        <item>Salt</item></ing>
      <ing>
        <amt>
          <qty>1/2</qty>
          <unit>teaspoons</unit></amt>
        <item>Pepper</item></ing>
      <ing>
        <amt>
          <qty>1/2</qty>
          <unit>teaspoons</unit></amt>
        <item>Ground turmeric</item></ing>
      <ing>
        <amt>
          <qty>1/4</qty>
          <unit>teaspoons</unit></amt>
        <item>Ground cardamom (up to)</item></ing>
      <ing>
        <amt>
          <qty>3</qty>
          <unit>drops</unit></amt>
        <item>Hot sauce</item></ing>
      <ing>
        <amt>
          <qty>1</qty>
          <unit>tablespoon</unit></amt>
        <item>Butter or margarine</item></ing>
      <ing>
        <amt>
          <qty>1</qty>
          <unit>tablespoon</unit></amt>
        <item>Oil</item></ing>
      <ing>
        <amt>
          <qty>1</qty>
          <unit>medium</unit></amt>
        <item>Onion; chopped</item></ing>
      <ing>
        <amt>
          <qty/>
          <unit/></amt>
        <item>Hot cooked rice or pita bread</item></ing></ingredients>
    <directions>
      <step>  From: kmeade@ids2.idsonline.com (The Meades)
  
  Date: Sun, 5 May 1996 20:09:56 -0400
  Place the chopped red pepper, jalapeno, garlic, wine, ginger, salt, pepper,
  turmeric, cardamom, and Tabasco in a blender on medium-high speed until
  smoothly blended.
  
  Heat the butter or margarine and the oil in a 12-inch skillet over
  medium-high heat until hot.  Add the beef and cook until most of the liquid
  has been rendered and meat is browned on all sides, about 3 to 4 minutes.
  Remove the beef and keep warm.
  
  Add the onion and red pepper strips to the skillet and cook until wilted,
  about 3 minutes.  Return the beef to the skillet and add the blender
  mixture. Heat to boiling, then reduce the heat and simmer uncovered until
  the beef is hot and the sauce is slightly thickened. Serve over rice or
  stuffed into pitas, with rice on the side.
  
  Source:  "In the Kitched With Bob", by Bob Bowersox, 1994.  Hearst Books.
  
  MC-RECIPE@MASTERCOOK.COM
  
  MASTERCOOK RECIPES LIST SERVER
  
  MC-RECIPE DIGEST V1 #71
  
  From the MasterCook recipe list.  Downloaded from Glen's MM Recipe Archive,
  http://www.erols.com/hosey.
 
</step></directions></recipe></recipeml>
