<?xml version="1.0" encoding="UTF-8"?>

<recipeml version="0.5">
  <recipe>
    <head>
      <title>Beef Jerky</title>
      <categories>
        <cat>Meats</cat>
        <cat>Camping</cat>
        <cat>Backpack</cat>
        <cat/>
        <cat>eat-lf ma</cat></categories>
      <yield>1</yield></head>
    <ingredients>
      <ing>
        <amt>
          <qty>1</qty>
          <unit>cup</unit></amt>
        <item>Teriyaki sauce</item></ing>
      <ing>
        <amt>
          <qty>1/4</qty>
          <unit>cups</unit></amt>
        <item>Brown sugar</item></ing>
      <ing>
        <amt>
          <qty>1/4</qty>
          <unit>cups</unit></amt>
        <item>Salt</item></ing>
      <ing>
        <amt>
          <qty>1</qty>
          <unit>quart</unit></amt>
        <item>Water</item></ing>
      <ing>
        <amt>
          <qty/>
          <unit/></amt>
        <item>Season with garlic, pepper (optional)</item></ing></ingredients>
    <directions>
      <step>  We use less salt than the recipe calls for and a little more brown sugar,
  you can go according to your own taste buds.
  
  Recipe by: Sally Eisenberg Posted to MM-Recipes Digest V4 #148 by Simps
  &lt;c.simpson@worldnet.att.net&gt; on May 28, 1997
 
</step></directions></recipe></recipeml>
