<?xml version="1.0" encoding="UTF-8"?>

<recipeml version="0.5">
  <recipe>
    <head>
      <title>Beef Fajitas</title>
      <categories>
        <cat>Meats</cat>
        <cat>Fish</cat>
        <cat>Poultry</cat></categories>
      <yield>6</yield></head>
    <ingredients>
      <ing>
        <amt>
          <qty>1/4</qty>
          <unit>cups</unit></amt>
        <item>Lime juice</item></ing>
      <ing>
        <amt>
          <qty>2</qty>
          <unit>tablespoons</unit></amt>
        <item>Soy sauce</item></ing>
      <ing>
        <amt>
          <qty>1</qty>
          <unit>tablespoon</unit></amt>
        <item>Cooking oil</item></ing>
      <ing>
        <amt>
          <qty>1</qty>
          <unit/></amt>
        <item>Clove garlic; minced</item></ing>
      <ing>
        <amt>
          <qty>1 1/2</qty>
          <unit>pounds</unit></amt>
        <item>Boneless beef flank steak</item></ing>
      <ing>
        <amt>
          <qty>1</qty>
          <unit/></amt>
        <item>Avocado &lt;peeled/pitted&gt;; coarsely chopped</item></ing>
      <ing>
        <amt>
          <qty>1/4</qty>
          <unit>cups</unit></amt>
        <item>Salsa</item></ing>
      <ing>
        <amt>
          <qty>1</qty>
          <unit>tablespoon</unit></amt>
        <item>Fresh cilantro; snipped</item></ing>
      <ing>
        <amt>
          <qty>1</qty>
          <unit>tablespoon</unit></amt>
        <item>Lime juice</item></ing>
      <ing>
        <amt>
          <qty>1/4</qty>
          <unit>teaspoons</unit></amt>
        <item>Hot pepper sauce</item></ing>
      <ing>
        <amt>
          <qty>12</qty>
          <unit/></amt>
        <item>Flour tortillas; &lt;8-inch&gt;</item></ing>
      <ing>
        <amt>
          <qty>2</qty>
          <unit>medium</unit></amt>
        <item>Onions; sliced</item></ing>
      <ing>
        <amt>
          <qty>2</qty>
          <unit>medium</unit></amt>
        <item>Sweet green peppers; cut into strips</item></ing>
      <ing>
        <amt>
          <qty>1</qty>
          <unit>tablespoon</unit></amt>
        <item>Cooking oil</item></ing>
      <ing>
        <amt>
          <qty>1/2</qty>
          <unit>cups</unit></amt>
        <item>Sour cream</item></ing>
      <ing>
        <amt>
          <qty>1</qty>
          <unit>medium</unit></amt>
        <item>Tomato &lt;coarsely chopped&gt;; optional</item></ing></ingredients>
    <directions>
      <step>  For marinade, mix 1/.4 cup lime juice, soy sauce, 1 tablespoon oil and
  garlic. Score meat making shallow cuts at 1-inch intervals diagonally
  across the steak on both sides in a diamond pattern. Place steak in plastic
  bag set in shallow dish. Add marinade; seal bag. Turn steak to coat well.
  Chill 6 to 12 hours, turning steak occasionally. Toss together avocado,
  salsa, cilantro, 1 tablespoon lime juice and hot pepper sauce. Cover and
  chill. Wrap tortillas in foil; set aside.
  
  Tear off a 36x18 inch piece of heavy foil. Fold in half to make a double
  thickness that measures 18x18 inches. Place onions and peppers in center of
  foil. Drizzle with 1 tablespoon oil. Bring up two opposite edges of foil
  and seal. Fold remaining ends to completely enclose vegetables, leaving
  space for steam to build. Place packet on uncovered grill directly over
  medium coals for 10 minutes. Remove steak from bag; reserve marinade. Grill
  steak and vegetable packet on uncovered grill directly over medium coals
  for 6 minutes. Brush steak with marinade; turn steak. Add wrapped tortillas
  to grill. Grill 6 to 8 minutes more or till beef is desired doneness and
  vegetables are crisp-tender. To serve, cut steak into bite-sized strips.
  Arrange beef, onions and peppers on tortillas. Top with avocado mixture,
  sour cream and if desired, tomato. Roll tortillas around filling.
  
  To grill by indirect heat: Arrange preheated coals around a drip pan in
  covered grill. Test for medium heat above pan. Place steak on grill over
  drip pan. Place vegetable packet directly over coals. Cover and grill for 8
  minutes. Brush steak with marinade. Add tortilla packet to grill. Cover and
  grill for 10 to 12 minutes more or till steak is desired doneness and
  vegetables are crisp-tender.
  
  NOTES : For chicken fajitas, substitute boneless, skinless chicken breat
  halves for the flank steak.
  Recipe by: Barbecues/Better Homes &amp; Gardens Cooking For Today Posted to TNT
  ~ Prodigy's Recipe Exchange Newsletter  by SilkyKitty
  &lt;SilkyKitty@prodigy.net&gt; on Aug 4, 1997
 
</step></directions></recipe></recipeml>
