<?xml version="1.0" encoding="UTF-8"?>

<recipeml version="0.5">
  <recipe>
    <head>
      <title>Beef Fondue #1</title>
      <categories>
        <cat>Meat</cat></categories>
      <yield>6</yield></head>
    <ingredients>
      <ing>
        <amt>
          <qty>3</qty>
          <unit>pounds</unit></amt>
        <item>Filet or sirloin; cut in 3/4-inch cubes</item></ing>
      <ing>
        <amt>
          <qty>1/2</qty>
          <unit>pounds</unit></amt>
        <item>Butter (no substitute!)</item></ing>
      <ing>
        <amt>
          <qty>3/4</qty>
          <unit>cups</unit></amt>
        <item>Olive oil or cooking oil</item></ing>
      <ing>
        <amt>
          <qty>3</qty>
          <unit>tablespoons</unit></amt>
        <item>Dijon mustard</item></ing>
      <ing>
        <amt>
          <qty>10</qty>
          <unit>tablespoons</unit></amt>
        <item>Butter</item></ing>
      <ing>
        <amt>
          <qty>5</qty>
          <unit>tablespoons</unit></amt>
        <item>Worcestershire</item></ing>
      <ing>
        <amt>
          <qty>About</qty>
          <unit>20</unit></amt>
        <item>minutes before serving, heat butter and oil in saucepan. When</item></ing></ingredients>
    <directions>
      <step>  mixture bubbles, pour into a 2-quart fondue pan. Oil should not be more
  than 2 inches deep. When oil begins to bubble, spear meat cube with fondue
  fork and lower into hot oil. Fry for 2-3 minutes, or to taste. Guests may
  be provided individual dishes of several sauces or a communal pot where all
  may dip into it. To make mustard sauce, combine mustard, butter and
  Worcestershire in saucepan. Stir until butter melts; serve hot but do not
  boil. Makes 1¬ cups sauce.
  
  MRS BILLY BROOKS (MARGARET)
  
  HOLLY GROVE, AR
  
  From the book &lt;High Cotton Cookin'&gt;, Marvell Academy Mothers Assn, Marvell,
  AR  72366, ISBN 0-918544-14-9, downloaded from Glen's MM Recipe Archive,
  http://www.erols.com/hosey.
 
</step></directions></recipe></recipeml>
