<?xml version="1.0" encoding="UTF-8"?>

<recipeml version="0.5">
  <recipe>
    <head>
      <title>Viennese Choch Torte Passover</title>
      <categories>
        <cat>Jewish</cat>
        <cat>Desserts</cat>
        <cat>Holiday</cat>
        <cat>Ethnic</cat></categories>
      <yield>1</yield></head>
    <ingredients>
      <ing-div>
        <title/>
        <ing>
          <amt>
            <qty>8</qty>
            <unit/></amt>
          <item>Eggs seperated</item></ing>
        <ing>
          <amt>
            <qty>1</qty>
            <unit>cup</unit></amt>
          <item>Sugar</item></ing>
        <ing>
          <amt>
            <qty>2</qty>
            <unit>ounces</unit></amt>
          <item>Semisweet choch melted coold</item></ing>
        <ing>
          <amt>
            <qty>1/4</qty>
            <unit>cups</unit></amt>
          <item>Fresh  orange jice</item></ing>
        <ing>
          <amt>
            <qty>1</qty>
            <unit>teaspoon</unit></amt>
          <item>Grated orange rind</item></ing>
        <ing>
          <amt>
            <qty>2</qty>
            <unit>cups</unit></amt>
          <item>Ground walnuts</item></ing>
        <ing>
          <amt>
            <qty>1/3</qty>
            <unit>cups</unit></amt>
          <item>Cake meal</item></ing>
        <ing>
          <amt>
            <qty>1/3</qty>
            <unit>cups</unit></amt>
          <item>Potatostarch</item></ing>
        <ing>
          <amt>
            <qty>2</qty>
            <unit/></amt>
          <item>Oranges peeled sectioned</item></ing></ing-div>
      <ing-div>
        <title>ORANGE FILLING</title>
        <ing>
          <amt>
            <qty>10</qty>
            <unit>ounces</unit></amt>
          <item>Jar Apricot preserves</item></ing>
        <ing>
          <amt>
            <qty>1</qty>
            <unit/></amt>
          <item>Orange peeled and section</item></ing></ing-div>
      <ing-div>
        <title>CHOCOLATE GLAZE</title>
        <ing>
          <amt>
            <qty>1/2</qty>
            <unit>cups</unit></amt>
          <item>Orange juice</item></ing>
        <ing>
          <amt>
            <qty>6</qty>
            <unit>ounces</unit></amt>
          <item>Semisweet chocolate broken</item></ing></ing-div></ingredients>
    <directions>
      <step>  Preheat oven to 250 degrees Have an ungreased 10-inch tube pan 4 1/2 in
  high.
     Beat egg yoks with 1/2 c sugar until very thick. Blend in chocolate,
  orange juice and rind.  Mix 1c nuts with cake meal and potato starch. Fold
  into yolk mixture.
     With clean dry beaters, beat whites untill foamy. Gradually beat in
  remaining 1\2 c. sugar untill stiff peaks form. Gently fold yolk mixture
  into beaten whites. Turn into tube pan and bake 55 to 60 min., untill cake
  tests done.
     Invert pan on rack and let cake hang untill completely cool. Remove from
  pan and slice cake in half horizontally. Spread orange filling over top of
  bottom half. top with second layer. Coat cake with glaze. Garnish with
  remaining 1 c. nuts and the orange sections.
  
                         Orange filling melt preserves; stir in orange
  sections. cool 5 min.
  
                          Chocolate glaze
  
  heat orange juice. remove from heat, add chocolate, stiring until melted
  smooth. cool 5 min.
 
</step></directions></recipe></recipeml>
