<?xml version="1.0" encoding="UTF-8"?>

<recipeml version="0.5">
  <recipe>
    <head>
      <title>Viennese Chocolate Torte</title>
      <categories>
        <cat>Desserts</cat>
        <cat>Ethnic</cat>
        <cat>Cakes</cat></categories>
      <yield>1</yield></head>
    <ingredients>
      <ing>
        <amt>
          <qty>8</qty>
          <unit/></amt>
        <item>Eggs -- separated</item></ing>
      <ing>
        <amt>
          <qty>1</qty>
          <unit>cup</unit></amt>
        <item>Sugar</item></ing>
      <ing>
        <amt>
          <qty>2</qty>
          <unit>ounces</unit></amt>
        <item>Semisweet chocolate --</item></ing>
      <ing>
        <amt>
          <qty/>
          <unit/></amt>
        <item>Melted and cooled</item></ing>
      <ing>
        <amt>
          <qty>1/4</qty>
          <unit>cups</unit></amt>
        <item>Fresh  orange juice</item></ing>
      <ing>
        <amt>
          <qty>1</qty>
          <unit>teaspoon</unit></amt>
        <item>Grated orange rind</item></ing>
      <ing>
        <amt>
          <qty>2</qty>
          <unit>cups</unit></amt>
        <item>Ground walnuts</item></ing>
      <ing>
        <amt>
          <qty>1/3</qty>
          <unit>cups</unit></amt>
        <item>Cake meal</item></ing>
      <ing>
        <amt>
          <qty>1/3</qty>
          <unit>cups</unit></amt>
        <item>Potato starch</item></ing>
      <ing>
        <amt>
          <qty>2</qty>
          <unit/></amt>
        <item>Oranges -- peeled and</item></ing>
      <ing>
        <amt>
          <qty/>
          <unit/></amt>
        <item>Sectioned</item></ing>
      <ing>
        <amt>
          <qty/>
          <unit/></amt>
        <item>ORANGE FILLING--------------</item></ing>
      <ing>
        <amt>
          <qty>10</qty>
          <unit>ounces</unit></amt>
        <item>Apricot preserves</item></ing>
      <ing>
        <amt>
          <qty>1</qty>
          <unit/></amt>
        <item>Orange peeled and section</item></ing>
      <ing>
        <amt>
          <qty/>
          <unit/></amt>
        <item>CHOCOLATE GLAZE-------------</item></ing>
      <ing>
        <amt>
          <qty>1/2</qty>
          <unit>cups</unit></amt>
        <item>Orange juice</item></ing>
      <ing>
        <amt>
          <qty>6</qty>
          <unit>ounces</unit></amt>
        <item>Semisweet chocolate --</item></ing>
      <ing>
        <amt>
          <qty/>
          <unit/></amt>
        <item>Broken</item></ing></ingredients>
    <directions>
      <step>  1.  Preheat oven to 250 degrees Have an ungreased 10-inch tube pan 4 1/2"
  high. 2. Beat egg yoks with 1/2 c sugar until very thick. Blend in
  chocolate, orange juice and rind. Mix 1c nuts with cake meal and potato
  starch. Fold into yolk mixture. 3. With clean dry beaters, beat whites
  untill foamy. Gradually beat in remaining 1\2 c. sugar untill stiff peaks
  form. Gently fold yolk mixture into beaten whites. Turn into tube pan and
  bake 55 to 60 min., untill cake tests done. 4. Invert pan on rack and let
  cake hang untill completely cool. Remove from pan and slice cake in half
  horizontally. Spread orange filling over top of bottom half. top with
  second layer. Coat cake with glaze. Garnish with remaining 1 c. nuts and
  the orange sections. 5. Orange filling: melt preserves; stir in orange
  sections. Cool 5 min. 6. Chocolate glaze: heat orange juice. remove from
  heat, add chocolate, stiring until melted smooth. Cool 5 min.
  
  Posted to EAT-L Digest -  3 June 96
  
  Date:    Tue, 4 Jun 1996 08:18:53 -0400
  
  From:    Betsy Burtis &lt;BuddoB@AOL.COM&gt;
  
  Recipe By     :
 
</step></directions></recipe></recipeml>
