<?xml version="1.0" encoding="UTF-8"?>

<recipeml version="0.5">
  <recipe>
    <head>
      <title>Viennese Cookies</title>
      <categories>
        <cat>None</cat></categories>
      <yield>1</yield></head>
    <ingredients>
      <ing>
        <amt>
          <qty>1</qty>
          <unit>cup</unit></amt>
        <item>Parkay margarine</item></ing>
      <ing>
        <amt>
          <qty>1</qty>
          <unit>cup</unit></amt>
        <item>Sugar</item></ing>
      <ing>
        <amt>
          <qty>1</qty>
          <unit/></amt>
        <item>Egg</item></ing>
      <ing>
        <amt>
          <qty>1</qty>
          <unit>teaspoon</unit></amt>
        <item>Almond extract</item></ing>
      <ing>
        <amt>
          <qty>1</qty>
          <unit>teaspoon</unit></amt>
        <item>Grated lemon rind</item></ing>
      <ing>
        <amt>
          <qty>1 3/4</qty>
          <unit>cups</unit></amt>
        <item>Flour</item></ing>
      <ing>
        <amt>
          <qty>1/2</qty>
          <unit>cups</unit></amt>
        <item>Ground almonds</item></ing>
      <ing>
        <amt>
          <qty>1/2</qty>
          <unit>teaspoons</unit></amt>
        <item>Tsp salt</item></ing>
      <ing>
        <amt>
          <qty/>
          <unit/></amt>
        <item>Kraft Pure Strawberry; Grape or Peach Preserves</item></ing>
      <ing>
        <amt>
          <qty/>
          <unit/></amt>
        <item>Confectioners sugar</item></ing></ingredients>
    <directions>
      <step>  Cream margarine and sugar until light and fluffy. Blend in egg, almond
  extract and lemon rind. Add flour, almonds and salt; mix well. Chill. Heat
  oven to 375 degrees. Roll out dough on lightly floured surface to 1/8-inch
  thickness; cut with 2-inch round cookie cutter. Cut small hole in center of
  half the cookies. Bake at 375 degrees on ungreased cookie sheets 5 to 7
  minutes or until set. Cool. Sprinkle cookies with hole in center with
  confectioners' sugar. Spread bottom of remaining cookies with approximately
  1/2 tsp preserves. Top with sugar covered cookies. Makes approximately 5
  dozen cookies.
  
  Posted to brand-name-recipes by vergie1@juno.com (Vergie A Ewing) on Apr
  15, 1998
 
</step></directions></recipe></recipeml>
