<?xml version="1.0" encoding="UTF-8"?>

<recipeml version="0.5">
  <recipe>
    <head>
      <title>Bake Cherry Cheese Pie</title>
      <categories>
        <cat>Pies</cat>
        <cat>Desserts</cat></categories>
      <yield>6</yield></head>
    <ingredients>
      <ing>
        <amt>
          <qty>1</qty>
          <unit/></amt>
        <item>9" graham cracker crust</item></ing>
      <ing>
        <amt>
          <qty>1</qty>
          <unit>package</unit></amt>
        <item>8 oz softened cream cheese</item></ing>
      <ing>
        <amt>
          <qty>1</qty>
          <unit>cup</unit></amt>
        <item>14 oz. sweetened condensed;</item></ing>
      <ing>
        <amt>
          <qty/>
          <unit/></amt>
        <item>Milk ( not evaporated)</item></ing>
      <ing>
        <amt>
          <qty>1/3</qty>
          <unit>cups</unit></amt>
        <item>Concentrated lemon juice</item></ing>
      <ing>
        <amt>
          <qty>1</qty>
          <unit>teaspoon</unit></amt>
        <item>Vanilla extract</item></ing>
      <ing>
        <amt>
          <qty>1</qty>
          <unit>cup</unit></amt>
        <item>Cherry pie filling</item></ing></ingredients>
    <directions>
      <step>  In a large mixer bowl,beat cheese until fluffy. Beat in Condensed milk
  until smooth. Stir in lemon juice and vanilla. Pour into crust. Chill 3
  hours or until set. Top with desired amount of e filling before serving.
  Refrigerate leftovers.
  
  From Gemini's MASSIVE MealMaster collection at www.synapse.com/~gemini
 
</step></directions></recipe></recipeml>
