<?xml version="1.0" encoding="UTF-8"?>

<recipeml version="0.5">
  <recipe>
    <head>
      <title>Baker's Coconut Crust</title>
      <categories>
        <cat>Pie</cat></categories>
      <yield>1</yield></head>
    <ingredients>
      <ing>
        <amt>
          <qty>2</qty>
          <unit>tablespoons</unit></amt>
        <item>Soft butter</item></ing>
      <ing>
        <amt>
          <qty>1</qty>
          <unit>package</unit></amt>
        <item>(1 1/2 cups) Baker's Coconut</item></ing></ingredients>
    <directions>
      <step>  Spread butter evenly in an 8- or 9-inch pie pan. Sprinkle Baker's Coconut
  into the pan and pat evenly into the butter. Bake in modorate oven (350øF.)
  until crisp and golden brown (10 to 12 minutes). Cool.
  
  To serve--fill crust with your favorite flavor of Jell-O Pudding and Pie
  Filling, made according to package directins, and chill until firm. Or fill
  with ice cream and serve immediately.
  
  Date: Thu, 6 Jun 1996 00:09:37 -0400
  
  From: BobbieB1@aol.com
  
  MM-Recipes Digest V3 #157
  
  From the MealMaster recipe list.  Downloaded from Glen's MM Recipe Archive,
  http://www.erols.com/hosey.
 
</step></directions></recipe></recipeml>
