<?xml version="1.0" encoding="UTF-8"?>

<recipeml version="0.5">
  <recipe>
    <head>
      <title>Baked "French Fries"</title>
      <categories>
        <cat>Diabetic</cat>
        <cat>Vegetables</cat>
        <cat>Side dishes</cat></categories>
      <yield>5</yield></head>
    <ingredients>
      <ing>
        <amt>
          <qty>2</qty>
          <unit>large</unit></amt>
        <item>Potatoes</item></ing>
      <ing>
        <amt>
          <qty>1</qty>
          <unit>tablespoon</unit></amt>
        <item>Vegetable oil;</item></ing>
      <ing>
        <amt>
          <qty>1/2</qty>
          <unit>teaspoons</unit></amt>
        <item>Salt</item></ing>
      <ing>
        <amt>
          <qty>1/8</qty>
          <unit>teaspoons</unit></amt>
        <item>Paprika;</item></ing></ingredients>
    <directions>
      <step>  Preheat oven to 450 F degree.  Peel potatoes and cut into slices 4
  inches long and 1/4 inch wide; place in a bowl of iced water to
  crisp. Just before cooking, turn onto paper towel and pat dry. Spread
  pieces in one layer of a shallow baking pan.  Sprinkle with the
  vegetables oil. Shake pan to spread oil evenly over potatoes. Bake
  30-40 minutes, turning frequently, until gold brown.  Empty potatoes
  onto paper towels. Sprinkle with salt and paprika.
  
  Food Exchange per serving: 1 STARCH EXHANGE + 1/2 FAT EXCHANGE
  
  CHO: 15g; PRO: 2g; FAT: 3g; CAL: 93;
  Low-sodium diets: Omit salt. Use a seasoned salt substitute, if
  allowed by your doctor.
  
  Source: The Art of Cooking for the Diabetic by Mary Abbortt
  Hess,R.D.,M.S.
  
  Brought to you and your via Nancy O'brion and her Meal Master
  
  File ftp://ftp.idiscover.co.uk/pub/food/mealmaster/recipes/diabetic.zip
 
</step></directions></recipe></recipeml>
