<?xml version="1.0" encoding="UTF-8"?>

<recipeml version="0.5">
  <recipe>
    <head>
      <title>Baker's Best Spiked Cranberry Sauce</title>
      <categories>
        <cat>Sauces</cat>
        <cat>Fruits</cat>
        <cat>Liquor</cat>
        <cat>Holiday</cat></categories>
      <yield>6</yield></head>
    <ingredients>
      <ing>
        <amt>
          <qty>1 1/2</qty>
          <unit>cups</unit></amt>
        <item>Sugar</item></ing>
      <ing>
        <amt>
          <qty>1</qty>
          <unit>cup</unit></amt>
        <item>Red wine; either a Caberbnet Sauvignon or a Zinfandel</item></ing>
      <ing>
        <amt>
          <qty>12</qty>
          <unit>ounces</unit></amt>
        <item>Cranberries; fresh and picked through, rinsed and drained.</item></ing>
      <ing>
        <amt>
          <qty>1</qty>
          <unit>large</unit></amt>
        <item>Cinnamon stick</item></ing>
      <ing>
        <amt>
          <qty/>
          <unit/></amt>
        <item>Zest of 1 orange; julliened</item></ing></ingredients>
    <directions>
      <step>  In a medium size saucepan, bring the sugar and wine to a boil and cook for
  1 minute.  Add the cranberries, cinnamon stick and the orange zest and
  bring back to a boil. Simmer uncovered for 10 minutes or until the
  cranberries burst and the sauce thickens slightly.
  
  Remove the pan heat and discard the cinnamon stick. Allow the berries to
  cool and put into a decorative bowel. Refrigerate, covered until ready to
  use.
  
  Source:  THE BOSTON GLOBE; November, 1993
  
  From Gemini's MASSIVE MealMaster collection at www.synapse.com/~gemini
 
</step></directions></recipe></recipeml>
