<?xml version="1.0" encoding="UTF-8"?>

<recipeml version="0.5">
  <recipe>
    <head>
      <title>Baker's Chocolate Double Chocolate Cheesecake</title>
      <categories>
        <cat>Cheesecakes</cat></categories>
      <yield>16</yield></head>
    <ingredients>
      <ing-div>
        <title>CRUST</title>
        <ing>
          <amt>
            <qty>1</qty>
            <unit>cup</unit></amt>
          <item>Crushed chocolate wafers</item></ing>
        <ing>
          <amt>
            <qty>3</qty>
            <unit>tablespoons</unit></amt>
          <item>Butter; melted</item></ing></ing-div>
      <ing-div>
        <title>FILLING</title>
        <ing>
          <amt>
            <qty>1 1/2</qty>
            <unit>pounds</unit></amt>
          <item>Cream cheese; softened</item></ing>
        <ing>
          <amt>
            <qty>3/4</qty>
            <unit>cups</unit></amt>
          <item>Sugar</item></ing>
        <ing>
          <amt>
            <qty>3</qty>
            <unit/></amt>
          <item>Eggs</item></ing>
        <ing>
          <amt>
            <qty>1</qty>
            <unit>teaspoon</unit></amt>
          <item>Vanilla</item></ing>
        <ing>
          <amt>
            <qty>3</qty>
            <unit/></amt>
          <item>Sq white chocolate; melted</item></ing>
        <ing>
          <amt>
            <qty>3</qty>
            <unit/></amt>
          <item>Sq semi-sweet choc.; melted</item></ing>
        <ing>
          <amt>
            <qty>2</qty>
            <unit>tablespoons</unit></amt>
          <item>Raspberry or orange</item></ing>
        <ing>
          <amt>
            <qty/>
            <unit/></amt>
          <item>Liquer; (optional)</item></ing></ing-div>
      <ing-div>
        <title>GLAZE</title>
        <ing>
          <amt>
            <qty>8</qty>
            <unit/></amt>
          <item>Sq semi-sweet chocolate</item></ing>
        <ing>
          <amt>
            <qty>1/4</qty>
            <unit>cups</unit></amt>
          <item>Butter</item></ing>
        <ing>
          <amt>
            <qty>2</qty>
            <unit>teaspoons</unit></amt>
          <item>Vegetable oil</item></ing></ing-div></ingredients>
    <directions>
      <step>  CRUST: Combine crumbs and butter; press onto bottom of a 9-in. springform
  pan. Bake at 350F for 10 min.
  
  FILLING: In a food processor blend cream cheese and sugar. Add eggs, one at
  a time, mixing well after each addition. Add vanilla. Remove 1/2 of the
  batter to another bowl. Stir melted white chocolate and liquer into this
  portion. To remaining batter, blend in melted dark chocolate. Pour dark
  batter into crumb lined pan; spread evenly. Bake at 425F for 10 min; reduce
  heat to 250F and bake for 30-35 min. longer or until centre of cake is just
  barely firm. Remove from oven and run knif around sides; let cool
  completely before removing sides.
  
  GLAZE: Melt chocolate with oil and butter over hot water stirring until
  smooth Place cake on rack over waxed paper. Pour glaze over entire cake.
  Bang rack several times to smooth. Draw lines along surface of glaze-spoon.
  
  Per serving: 273 Calories; 23g Fat (74% calories from fat); 4g Protein; 14g
  Carbohydrate; 94mg Cholesterol; 187mg Sodium
  
  Recipe by: Baker's Semi-sweet Chocolate
  
  Posted to TNT - Prodigy's Recipe Exchange Newsletter  by "Bob &amp; Carole
  Walberg" &lt;walbergr@mb.sympatico.ca&gt; on Dec 29, 1997
 
</step></directions></recipe></recipeml>
