<?xml version="1.0" encoding="UTF-8"?>

<recipeml version="0.5">
  <recipe>
    <head>
      <title>Baker's Truffles</title>
      <categories>
        <cat>Candies</cat></categories>
      <yield>2</yield></head>
    <ingredients>
      <ing>
        <amt>
          <qty>3</qty>
          <unit/></amt>
        <item>Sqs. BAKER'S Semi-Sweet; Chocolate</item></ing>
      <ing>
        <amt>
          <qty>5</qty>
          <unit>tablespoons</unit></amt>
        <item>Unsalted Butter</item></ing>
      <ing>
        <amt>
          <qty>1</qty>
          <unit/></amt>
        <item>Egg Yolk</item></ing>
      <ing>
        <amt>
          <qty>2/3</qty>
          <unit>cups</unit></amt>
        <item>Confectioner's Sugar; sifted</item></ing>
      <ing>
        <amt>
          <qty>1</qty>
          <unit>teaspoon</unit></amt>
        <item>Vanilla</item></ing>
      <ing>
        <amt>
          <qty/>
          <unit/></amt>
        <item>Nuts; finely chopped OR</item></ing>
      <ing>
        <amt>
          <qty/>
          <unit/></amt>
        <item>BAKER'S ANGEL FLAKE Coconut</item></ing></ingredients>
    <directions>
      <step>  Melt chocolate in saucepan over very low heat, stirring constantly; cool.
  Cream butter with egg yolk. Gradually add sugar, blending well. Stir in
  chocolate and vanilla. Chill until firm enough to handle. Shape into balls
  about 1" in diameter.  Roll in nuts; chill. Store in refrigerator. Makes
  about 30 candies. I haven't tried this recipe. It's from BAKER'S
  All-Natural Semi-Sweet Chocolate.  Marilyn Sultar
  Posted to EAT-L Digest 22 Jul 96
  
  Date:    Tue, 23 Jul 1996 18:43:10 -0500
  
  From:    LD Goss &lt;ldgoss@METRONET.COM&gt;
 
</step></directions></recipe></recipeml>
