<?xml version="1.0" encoding="UTF-8"?>

<recipeml version="0.5">
  <recipe>
    <head>
      <title>Baker's Swiss Chocolate Squares</title>
      <categories>
        <cat>Bars</cat></categories>
      <yield>1</yield></head>
    <ingredients>
      <ing-div>
        <title/>
        <ing>
          <amt>
            <qty>1</qty>
            <unit>cup</unit></amt>
          <item>Water</item></ing>
        <ing>
          <amt>
            <qty>1/2</qty>
            <unit>cups</unit></amt>
          <item>Margarine</item></ing>
        <ing>
          <amt>
            <qty>1 1/2</qty>
            <unit/></amt>
          <item>Semi-sweet Baker's chocolate squares</item></ing>
        <ing>
          <amt>
            <qty>2</qty>
            <unit>cups</unit></amt>
          <item>Sugar</item></ing>
        <ing>
          <amt>
            <qty>2</qty>
            <unit>cups</unit></amt>
          <item>Flour</item></ing>
        <ing>
          <amt>
            <qty>1</qty>
            <unit>teaspoon</unit></amt>
          <item>Baking soda</item></ing>
        <ing>
          <amt>
            <qty>1</qty>
            <unit>teaspoon</unit></amt>
          <item>Salt</item></ing>
        <ing>
          <amt>
            <qty>1/2</qty>
            <unit>cups</unit></amt>
          <item>Sour cream</item></ing>
        <ing>
          <amt>
            <qty>2</qty>
            <unit/></amt>
          <item>Eggs</item></ing></ing-div>
      <ing-div>
        <title>FROSTING</title>
        <ing>
          <amt>
            <qty>1/2</qty>
            <unit>cups</unit></amt>
          <item>Margarine</item></ing>
        <ing>
          <amt>
            <qty>1/3</qty>
            <unit>cups</unit></amt>
          <item>Milk</item></ing>
        <ing>
          <amt>
            <qty>1 1/2</qty>
            <unit/></amt>
          <item>Sq chocolate</item></ing>
        <ing>
          <amt>
            <qty>1</qty>
            <unit/></amt>
          <item>Box confectioners sugar</item></ing>
        <ing>
          <amt>
            <qty>1</qty>
            <unit>teaspoon</unit></amt>
          <item>Vanilla</item></ing></ing-div></ingredients>
    <directions>
      <step>  Put flour and sugar in large bowl. Combine water, margarine and chocolate
  squares in saucepan and bring to boil. Add chocolate mixture to dry
  ingredients, then add rest of ingredients. Mix well and pour into well
  greased jelly roll pan (cookie sheet with 1/2-inch lip). Bake in 375
  degrees oven for about 20 to 25 minutes.
  
  Frosting: Combine margarine with milk and chocolate. Boil for one minute.
  Remove from heat and add to one full box of confectioners sugar, beat until
  smooth and stir in 1 teaspoon of vanilla. Pour over cake while cake is
  still warm, allow to set in. After cooling, cut into squares like brownies.
  
  Recipe by: diane@keyway.net
  
  Posted to recipelu-digest Volume 01 Number 315 by "Diane Geary"
  &lt;diane@keyway.net&gt; on Nov 27, 1997
 
</step></directions></recipe></recipeml>
