<?xml version="1.0" encoding="UTF-8"?>

<recipeml version="0.5">
  <recipe>
    <head>
      <title>Baker's Chocolate Chip Cookies</title>
      <categories>
        <cat>Cookies</cat>
        <cat>Chocolate</cat>
        <cat>Chip</cat>
        <cat>#</cat></categories>
      <yield>1</yield></head>
    <ingredients>
      <ing>
        <amt>
          <qty>2 1/4</qty>
          <unit>cups</unit></amt>
        <item>All-purpose flour</item></ing>
      <ing>
        <amt>
          <qty>1</qty>
          <unit>teaspoon</unit></amt>
        <item>Baking soda</item></ing>
      <ing>
        <amt>
          <qty>1/2</qty>
          <unit>teaspoons</unit></amt>
        <item>Salt</item></ing>
      <ing>
        <amt>
          <qty>1</qty>
          <unit>cup</unit></amt>
        <item>(2 sticks)</item></ing>
      <ing>
        <amt>
          <qty/>
          <unit/></amt>
        <item>Softened butter or margarine</item></ing>
      <ing>
        <amt>
          <qty>3/4</qty>
          <unit>cups</unit></amt>
        <item>Firmly packed brown sugar</item></ing>
      <ing>
        <amt>
          <qty>3/4</qty>
          <unit>cups</unit></amt>
        <item>Granulated sugar</item></ing>
      <ing>
        <amt>
          <qty>1</qty>
          <unit>teaspoon</unit></amt>
        <item>Vanilla</item></ing>
      <ing>
        <amt>
          <qty>2</qty>
          <unit/></amt>
        <item>Eggs</item></ing>
      <ing>
        <amt>
          <qty>1</qty>
          <unit>cup</unit></amt>
        <item>Coarsely chopped nuts (opt)</item></ing>
      <ing>
        <amt>
          <qty>1</qty>
          <unit>package</unit></amt>
        <item>(12 oz) Semi-Sweet Real</item></ing>
      <ing>
        <amt>
          <qty/>
          <unit/></amt>
        <item>Semi-Sweet Chocolate Chips</item></ing></ingredients>
    <directions>
      <step>  Mix flour with baking soda and salt; set aside.  Beat butter, sugars,
  vanilla and eggs until light and fluffy. Blend in flour mixture. Stir in
  nuts and chips. Drop from teaspoon, 2 inches apart, onto ungreased baking
  sheets. Bake at 375 for about 10 minutes or until golden brown. Makes about
        6    dozen.
  
  From Gemini's MASSIVE MealMaster collection at www.synapse.com/~gemini
 
</step></directions></recipe></recipeml>
