<?xml version="1.0" encoding="UTF-8"?>

<recipeml version="0.5">
  <recipe>
    <head>
      <title>Bakewell Tart(English)</title>
      <categories>
        <cat>English</cat></categories>
      <yield>4</yield></head>
    <ingredients>
      <ing>
        <amt>
          <qty>8</qty>
          <unit>ounces</unit></amt>
        <item>Shortcrust pastry</item></ing>
      <ing>
        <amt>
          <qty/>
          <unit/></amt>
        <item>FILLING</item></ing>
      <ing>
        <amt>
          <qty/>
          <unit/></amt>
        <item>Raspberry or</item></ing>
      <ing>
        <amt>
          <qty/>
          <unit/></amt>
        <item>Strawberry jam</item></ing>
      <ing>
        <amt>
          <qty>4</qty>
          <unit>ounces</unit></amt>
        <item>Margarine</item></ing>
      <ing>
        <amt>
          <qty>4</qty>
          <unit>ounces</unit></amt>
        <item>Caster sugar</item></ing>
      <ing>
        <amt>
          <qty>4</qty>
          <unit>ounces</unit></amt>
        <item>Ground almonds</item></ing>
      <ing>
        <amt>
          <qty>2</qty>
          <unit/></amt>
        <item>Eggs, well beaten</item></ing>
      <ing>
        <amt>
          <qty/>
          <unit/></amt>
        <item>Few drops almond essence</item></ing></ingredients>
    <directions>
      <step>  Set oven to 375/F or Mark 5. Line a shallow pie dish with pastry and
  spread with a layer of jam. Mix all the other ingredients together
  and spread over the jam. Bake for 20-30 minutes until the fllling is
  set. This version of the Bakewell Pudding is often preferred both
  for its flavour and texture. The use of ground almonds makes the
  filling firmer. Another variation of this recipe uses 2 oz. self-
  raising flour and 2 oz. ground rice instead of the ground almonds.
  Posted to MM-Recipes Digest V3 #246
  
  Date: Mon, 9 Sep 1996 18:08:57 +0000
  
  From: "ray.watson" &lt;ray.watson@ukonline.co.uk&gt;
 
</step></directions></recipe></recipeml>
