<?xml version="1.0" encoding="UTF-8"?>

<recipeml version="0.5">
  <recipe>
    <head>
      <title>Baked "Fried" Potatoes</title>
      <categories>
        <cat>Vegetables</cat>
        <cat>Potatoes</cat></categories>
      <yield>2</yield></head>
    <ingredients>
      <ing>
        <amt>
          <qty>2</qty>
          <unit>large</unit></amt>
        <item>Baking potatoes</item></ing>
      <ing>
        <amt>
          <qty>1</qty>
          <unit>tablespoon</unit></amt>
        <item>Olive oil</item></ing>
      <ing>
        <amt>
          <qty>1/2</qty>
          <unit>teaspoons</unit></amt>
        <item>Paprika</item></ing>
      <ing>
        <amt>
          <qty>1/4</qty>
          <unit>teaspoons</unit></amt>
        <item>Salt</item></ing></ingredients>
    <directions>
      <step>  Scrub 2 large (8-10 oz) baking potatoes. Cut each in half lengthwise. Cut
  each half into 4 spears.  Place potatoes in large pot of lightly salted
  boiling water, bring water back to boil and boil 3 minutes. Drain in
  colander.
  
  Spray cooking sheet with cooking spray.
  
  Mix 1 Tablespoon olive oil and potatoes in bowl.
  
  Mix 1/2 teaspoon paprika and 1/4 teaspoon salt together, toss over
  potatoes.  Mix well.
  
  Bake in preheated 400 oven for 15 minutes or until tender.
  
  Place in paper towel lined basket or bowl.  Toss gently with 1 tablespoon
  graded Parmesan Cheese.  Serve hot.
  
  Makes 2 servings Can add other spices to salt mixture for different
  flavors.
  
  ==  Courtesy of Dale &amp; Gail Shipp, Columbia Md.  === Converted by MMCONV
  vers. 1.50
  Posted to MM-Recipes Digest V3 #295
  
  Date: Mon, 28 Oct 1996 07:55:45 -0500
  
  From: anderson@magicnet.net (Jim Anderson)
 
</step></directions></recipe></recipeml>
