<?xml version="1.0" encoding="UTF-8"?>

<recipeml version="0.5">
  <recipe>
    <head>
      <title>Baker Boulanger Knishes</title>
      <categories>
        <cat>Knishes</cat></categories>
      <yield>48</yield></head>
    <ingredients>
      <ing-div>
        <title>DOUGH</title>
        <ing>
          <amt>
            <qty>1</qty>
            <unit>cup</unit></amt>
          <item>Unsalted butter</item></ing>
        <ing>
          <amt>
            <qty>2</qty>
            <unit>cups</unit></amt>
          <item>Flour</item></ing>
        <ing>
          <amt>
            <qty>1/2</qty>
            <unit>teaspoons</unit></amt>
          <item>Salt</item></ing>
        <ing>
          <amt>
            <qty>1</qty>
            <unit>cup</unit></amt>
          <item>Yogurt or sour cream</item></ing></ing-div>
      <ing-div>
        <title>FILLING</title>
        <ing>
          <amt>
            <qty>1</qty>
            <unit>large</unit></amt>
          <item>Onion; diced</item></ing>
        <ing>
          <amt>
            <qty>6</qty>
            <unit>large</unit></amt>
          <item>Potatoes</item></ing>
        <ing>
          <amt>
            <qty>2</qty>
            <unit/></amt>
          <item>Eggs</item></ing>
        <ing>
          <amt>
            <qty>1/4</qty>
            <unit>cups</unit></amt>
          <item>Melted margarine</item></ing>
        <ing>
          <amt>
            <qty/>
            <unit/></amt>
          <item>Salt; pepper to taste</item></ing>
        <ing>
          <amt>
            <qty/>
            <unit/></amt>
          <item>Oil</item></ing>
        <ing>
          <amt>
            <qty/>
            <unit/></amt>
          <item>Melted margarine</item></ing>
        <ing>
          <amt>
            <qty/>
            <unit/></amt>
          <item>Egg wash; (made from 2 beaten eggs and 1/4 cup water)</item></ing></ing-div></ingredients>
    <directions>
      <step>  Make dough first. In the bowl of a food processor, place the flour and
  salt. As machine runs, drop in the butter and pulse to create a grainy
  mixture. Add sour cream or yogurt and process only until a ball forms.
  Remove from machine and pat on a lightly floured board into a disc. Chill
  while preparing filling. Prepare onions by sauteeing in oil until golden.
  Do this slowly. Remove from heat. Boil potatores. Remove skins and mash
  well. Stir in beaten eggs, melted margarine, salt and pepper to taste and
  onions. Set aside. Using half the dough, roll out on a lightl floured board
  into a rectangle about 10 by 20 inches. Spread o horizontal edge with
  one-quarter of the potator mixture. Roll away from you, as for a jellyroll
  into the centre of the dough. Cut the dough in half, separating the rolled
  part (or jellyroll you have formed). Cut the roll into about 10 - 12 small
  pieces. Repeat with remaining ingredients to end up with four jellyrolls.
  Knishes can be frozen at the point and baked off as needed. Preheat oven to
  350. On a lightly greased baking sheet, place the knishes on their ends,
  that is, cut side down and squish the kinish slightly on its end. Brush
  very lightly with melted margarine. Bake until almost golden, about 25
  minutes, brush lightly with egg wash, return to oven and bake until nicely
  and evenly browned.
  
  Per serving: 66 Calories; 4g Fat (58% calories from fat); 1g Protein; 6g
  Carbohydrate; 18mg Cholesterol; 37mg Sodium
  Posted to MC-Recipe Digest V1 #1019 by BGL &lt;cyberfun@earthlink.net&gt; on Jan
  17, 1998
 
</step></directions></recipe></recipeml>
