<?xml version="1.0" encoding="UTF-8"?>

<recipeml version="0.5">
  <recipe>
    <head>
      <title>Baked Ziti with Meat</title>
      <categories>
        <cat>Italian</cat>
        <cat>Meat</cat>
        <cat>Pasta</cat>
        <cat>Good</cat>
        <cat>Meal</cat></categories>
      <yield>4</yield></head>
    <ingredients>
      <ing>
        <amt>
          <qty>1</qty>
          <unit>pound</unit></amt>
        <item>Ground hamburger</item></ing>
      <ing>
        <amt>
          <qty/>
          <unit/></amt>
        <item>Or</item></ing>
      <ing>
        <amt>
          <qty>1</qty>
          <unit>pound</unit></amt>
        <item>Italian sausage</item></ing>
      <ing>
        <amt>
          <qty>2</qty>
          <unit>tablespoons</unit></amt>
        <item>Extra Virgin olive oil</item></ing>
      <ing>
        <amt>
          <qty>1</qty>
          <unit>medium</unit></amt>
        <item>Pepper green</item></ing>
      <ing>
        <amt>
          <qty>1</qty>
          <unit>medium</unit></amt>
        <item>Pepper red</item></ing>
      <ing>
        <amt>
          <qty>1</qty>
          <unit>tablespoon</unit></amt>
        <item>Garlic clove minced</item></ing>
      <ing>
        <amt>
          <qty>16</qty>
          <unit>ounces</unit></amt>
        <item>Tomato canned</item></ing>
      <ing>
        <amt>
          <qty>1/4</qty>
          <unit>cups</unit></amt>
        <item>Wine table, red</item></ing>
      <ing>
        <amt>
          <qty>8</qty>
          <unit>ounces</unit></amt>
        <item>Tomato Sauce, canned</item></ing>
      <ing>
        <amt>
          <qty>3</qty>
          <unit>medium</unit></amt>
        <item>Onions</item></ing>
      <ing>
        <amt>
          <qty>1</qty>
          <unit>teaspoon</unit></amt>
        <item>Basil</item></ing>
      <ing>
        <amt>
          <qty>1/2</qty>
          <unit>teaspoons</unit></amt>
        <item>Salt</item></ing>
      <ing>
        <amt>
          <qty>1/2</qty>
          <unit>teaspoons</unit></amt>
        <item>Pepper</item></ing>
      <ing>
        <amt>
          <qty>1/4</qty>
          <unit>tablespoons</unit></amt>
        <item>Oregano</item></ing>
      <ing>
        <amt>
          <qty>1/2</qty>
          <unit>cups</unit></amt>
        <item>Ricotta Chs skim milk</item></ing>
      <ing>
        <amt>
          <qty>1/4</qty>
          <unit>cups</unit></amt>
        <item>Parmesan grated</item></ing>
      <ing>
        <amt>
          <qty>1/2</qty>
          <unit>pounds</unit></amt>
        <item>Spinach fresh</item></ing>
      <ing>
        <amt>
          <qty>1/2</qty>
          <unit>cups</unit></amt>
        <item>Frozen corn</item></ing>
      <ing>
        <amt>
          <qty>8</qty>
          <unit>ounces</unit></amt>
        <item>Ziti</item></ing>
      <ing>
        <amt>
          <qty>1/4</qty>
          <unit>pounds</unit></amt>
        <item>Mushrooms fresh</item></ing></ingredients>
    <directions>
      <step>  Coarsely chop the onion, red and green peppers. Clean stem and fine chop
  the spinach. Chop mushrooms. Cook ziti and drain. Heat 1 tbs of oil over
  medium heat saute the peppers about 5 minutes remove peppers with slotted
  spoon and set aside. Put in the rest of the oil and saute onions about 3
  minutes. Add the hamburger or suasage and brown stirring to break up the
  meat.  Add garlic and mushrooms and saute 2 more minutes. Drain the excess
  fat and grease.  Break up the tomatoes with fork and add with the tomato
  sauce, wine, basil, salt, black pepper, and oregano. Bring to boil. Lower
  heat and cook uncovered about 20 minutes. Add spinach and corn cooking
  until spinach wilts. Preheat oven 375 degrees. Coat 2 1/2 quart casserole
  dish with oil spray. Combine ziti, tomato mixture, ricotta, and 2/3rds of
  peppers in large bowl then spoon into casserole dish. Sprinkle evenly with
  parmesan. Bake 25 minutes and garnish with rest of peppers after removal.
  Can substitute chopped brocolli for the fresh spinach, we like it better.
  (use a 10 oz frozen package to make faster)
  
  Source: The Vegetarian Times Magazine with meat added for flavor
  Posted to MM-Recipes Digest V5 #019 by Hank &amp; Anne Reintges
  &lt;hgreintges@SkyBest.Com&gt; on Jan 19, 1998
 
</step></directions></recipe></recipeml>
