<?xml version="1.0" encoding="UTF-8"?>

<recipeml version="0.5">
  <recipe>
    <head>
      <title>Baked Ziti with Roasted Vegetables</title>
      <categories>
        <cat>Low-fat/low</cat>
        <cat>Pasta</cat>
        <cat>Vegetables</cat>
        <cat>Cheese</cat></categories>
      <yield>6</yield></head>
    <ingredients>
      <ing-div>
        <title/>
        <ing>
          <amt>
            <qty>1</qty>
            <unit>pound</unit></amt>
          <item>Eggplant; cut in 1" cubes</item></ing>
        <ing>
          <amt>
            <qty>1</qty>
            <unit>large</unit></amt>
          <item>Red onion; cut in 1" cubes</item></ing>
        <ing>
          <amt>
            <qty>2</qty>
            <unit/></amt>
          <item>Yellow peppers; chopped</item></ing>
        <ing>
          <amt>
            <qty>1</qty>
            <unit>tablespoon</unit></amt>
          <item>Olive oil</item></ing>
        <ing>
          <amt>
            <qty>1/2</qty>
            <unit>teaspoons</unit></amt>
          <item>Salt</item></ing></ing-div>
      <ing-div>
        <title>TOMATO SAUCE</title>
        <ing>
          <amt>
            <qty>1</qty>
            <unit>teaspoon</unit></amt>
          <item>Olive oil</item></ing>
        <ing>
          <amt>
            <qty>1</qty>
            <unit>cup</unit></amt>
          <item>Onions; finely chopped</item></ing>
        <ing>
          <amt>
            <qty>2</qty>
            <unit>teaspoons</unit></amt>
          <item>Garlic; minced</item></ing>
        <ing>
          <amt>
            <qty>1/4</qty>
            <unit>teaspoons</unit></amt>
          <item>Crushed red pepper</item></ing>
        <ing>
          <amt>
            <qty>1/4</qty>
            <unit>teaspoons</unit></amt>
          <item>Fennel seed; crushed</item></ing>
        <ing>
          <amt>
            <qty>28</qty>
            <unit>ounces</unit></amt>
          <item>Tomatoes, canned; crushed</item></ing>
        <ing>
          <amt>
            <qty>1/4</qty>
            <unit>teaspoons</unit></amt>
          <item>Salt</item></ing>
        <ing>
          <amt>
            <qty>1/2</qty>
            <unit>teaspoons</unit></amt>
          <item>Fresh ground pepper</item></ing>
        <ing>
          <amt>
            <qty>1/4</qty>
            <unit>teaspoons</unit></amt>
          <item>Sugar</item></ing>
        <ing>
          <amt>
            <qty>1</qty>
            <unit>pinch</unit></amt>
          <item>Thyme</item></ing>
        <ing>
          <amt>
            <qty>2</qty>
            <unit>tablespoons</unit></amt>
          <item>Fresh parsley; chopped</item></ing>
        <ing>
          <amt>
            <qty>16</qty>
            <unit>ounces</unit></amt>
          <item>Ziti pasta; 1 package</item></ing>
        <ing>
          <amt>
            <qty>10</qty>
            <unit>ounces</unit></amt>
          <item>Spinach; chopped</item></ing>
        <ing>
          <amt>
            <qty>1</qty>
            <unit>cup</unit></amt>
          <item>Mozzarella cheese, lowfat; shredded</item></ing></ing-div></ingredients>
    <directions>
      <step>  1. Heat oven to 450F.  Toss eggplant, red onion, peppers, oil, and salt in
  jellypoll pan.  Roast 30 minutes, stirring once or twice, until vegetables
  begin to brown. 2. Make sauce: Heat oil in saucepan. Add onions and cook
  covered over medium-low heat 10 minutes. Stir in garlic, red pepper, and
  fennel; cook 30 seconds. Add tomatoes, salt, pepper, sugar, and thyme.
  Bring to boil, reduce heat and simmer 15 minutes. Sitr in parsely. Makes 3
  cups. 3. Reduce oven heat to 400F. Toss ziti with vegetables, sauce and
  spinach in bowl. Spread in shallow 3-quart baking dish. Sprinkle mozzarella
  over top. Bake 20 minutes or until bubbly.
  Recipe By     : Ladies' Home Journal - Jan. 1995
  
  Posted to MC-Recipe Digest V1 #244
  
  Date: Tue, 15 Oct 1996 04:10:02 +0000
  
  From: Patti McCoy &lt;patti-will-mccoy@postoffice.worldnet.att.net&gt;
 
</step></directions></recipe></recipeml>
