<?xml version="1.0" encoding="UTF-8"?>

<recipeml version="0.5">
  <recipe>
    <head>
      <title>Baker's Holiday Trifle</title>
      <categories>
        <cat>Desserts</cat>
        <cat>Cakes</cat></categories>
      <yield>8</yield></head>
    <ingredients>
      <ing>
        <amt>
          <qty>1</qty>
          <unit>package</unit></amt>
        <item>(6-serve size) Jello Vanilla</item></ing>
      <ing>
        <amt>
          <qty/>
          <unit/></amt>
        <item>Pudding and Pie Filling</item></ing>
      <ing>
        <amt>
          <qty>3</qty>
          <unit>cups</unit></amt>
        <item>Milk</item></ing>
      <ing>
        <amt>
          <qty>6</qty>
          <unit/></amt>
        <item>Squares Baker's White</item></ing>
      <ing>
        <amt>
          <qty/>
          <unit/></amt>
        <item>Chocolate, coarsely chopped</item></ing>
      <ing>
        <amt>
          <qty>500</qty>
          <unit>mililiters</unit></amt>
        <item>Cool Whip Frozen Whipped</item></ing>
      <ing>
        <amt>
          <qty/>
          <unit/></amt>
        <item>Topping, thawed</item></ing>
      <ing>
        <amt>
          <qty>1/2</qty>
          <unit/></amt>
        <item>Frozen pound cake, thawed</item></ing>
      <ing>
        <amt>
          <qty>1/4</qty>
          <unit>cups</unit></amt>
        <item>Orange liqueur or Orange</item></ing>
      <ing>
        <amt>
          <qty/>
          <unit/></amt>
        <item>Juice</item></ing>
      <ing>
        <amt>
          <qty>2 1/2</qty>
          <unit>cups</unit></amt>
        <item>Sliced and sweetened fresh</item></ing>
      <ing>
        <amt>
          <qty/>
          <unit/></amt>
        <item>Strawberries</item></ing>
      <ing>
        <amt>
          <qty>5</qty>
          <unit/></amt>
        <item>Squares Baker's White</item></ing>
      <ing>
        <amt>
          <qty/>
          <unit/></amt>
        <item>Chocolate, grated</item></ing>
      <ing>
        <amt>
          <qty>6</qty>
          <unit/></amt>
        <item>Whole strawberries for</item></ing>
      <ing>
        <amt>
          <qty/>
          <unit/></amt>
        <item>Garnish</item></ing>
      <ing>
        <amt>
          <qty>1</qty>
          <unit/></amt>
        <item>Square Baker's White</item></ing>
      <ing>
        <amt>
          <qty/>
          <unit/></amt>
        <item>Chocolate, melted and cooled</item></ing></ingredients>
    <directions>
      <step>  Prepare pudding according to package directions with milk. Remove from
  heat; stir in chopped chocolate until melted and smooth. Cover with plastic
  wrap. Chill. Fold in 1 cup (250mL) whipped topping. Cut cake into small
  cubes and drizzle with liqueur. In the bottom of a deep glass bowl, layer
  half the cake cubes, half the berries, half the pudding and half the grated
  chocolate. Repeat layers, ending with chocolate. Top with remaining whipped
  topping. Garnish with berries. Drizzle melted chocolate over top.
  
  Prep. Time: 30 minutes plus chilling time
  
  Source: Baker's chocolate ad, Chatelaine magazine, December 1993,
  :          page 106 Xref: news.demon.co.uk rec.food.recipes:7367
  Newsgroups: rec.food.recipes Path:
  news.demon.co.uk!peernews.demon.co.uk!doc.news.pipex.ne !pipex!swrinde news
  .uh.edu!uuneo.neosoft.com!bonkers.taronga.com!arielle From:
  a4gy@jupiter.sun.csd.unb.ca (N. Webber) Subject: Sweet And Sour Turkey
  Bites Approved: zaccari@digex.net Followup-To: rec.food.cooking Reply-To:
  a4gy@jupiter.sun.csd.unb.ca (N. Webber) Sender: arielle@bonkers.taronga.com
  (Stephanie da Silva) Organization: Taronga Park BBS Message-ID:
  &lt;3lk75i$9kv@sol.sun.csd.unb.ca&gt; Date: Sun, 9 Apr 1995 08:14:52 GMT Lines:
  34
  
  From Gemini's MASSIVE MealMaster collection at www.synapse.com/~gemini
 
</step></directions></recipe></recipeml>
