<?xml version="1.0" encoding="UTF-8"?>

<recipeml version="0.5">
  <recipe>
    <head>
      <title>Baked Ziti with Ricotta Cheese</title>
      <categories>
        <cat>Italian</cat>
        <cat>Pasta</cat>
        <cat>Dairy</cat>
        <cat>Main dish</cat>
        <cat>Pesto</cat></categories>
      <yield>8</yield></head>
    <ingredients>
      <ing>
        <amt>
          <qty>15</qty>
          <unit>ounces</unit></amt>
        <item>Ricotta cheese; part skim milk, or cottage</item></ing>
      <ing>
        <amt>
          <qty>2</qty>
          <unit/></amt>
        <item>Eggs; beaten</item></ing>
      <ing>
        <amt>
          <qty>1/4</qty>
          <unit>cups</unit></amt>
        <item>Grated Parmesan cheese</item></ing>
      <ing>
        <amt>
          <qty>1/4</qty>
          <unit>teaspoons</unit></amt>
        <item>Black pepper</item></ing>
      <ing>
        <amt>
          <qty>2</qty>
          <unit>tablespoons</unit></amt>
        <item>Fresh parsley; minced</item></ing>
      <ing>
        <amt>
          <qty>16</qty>
          <unit>ounces</unit></amt>
        <item>Pasta; cooked and drained</item></ing>
      <ing>
        <amt>
          <qty>30</qty>
          <unit>ounces</unit></amt>
        <item>Tomato sauce; seasoned</item></ing>
      <ing>
        <amt>
          <qty>1</qty>
          <unit>cup</unit></amt>
        <item>Mozzarella cheese; shredded</item></ing></ingredients>
    <directions>
      <step>  Preheat oven to 350 degrees F. In a large bowl, combine ricotta cheese,
  eggs, Parmesan cheese and seasonings. In another bowl, thorou ghly combine
  cooked pasta and sauce. Place half the pasta mixture in a 13" x 9" baking
  dish. Evenly top with cheese mixture and remaining pasta. Sprinkle with
  mozzarella cheese. Bake 35-40 mi nutes or until bubbly.
  
  Recipe by: Net
  
  Posted to EAT-L Digest  by KateyKC &lt;KateyKC@AOL.COM&gt; on Apr 4, 1998
 
</step></directions></recipe></recipeml>
