<?xml version="1.0" encoding="UTF-8"?>

<recipeml version="0.5">
  <recipe>
    <head>
      <title>Bakery-Style Bran Muffins</title>
      <categories>
        <cat>Muffins</cat></categories>
      <yield>12</yield></head>
    <ingredients>
      <ing>
        <amt>
          <qty>1 1/4</qty>
          <unit>cups</unit></amt>
        <item>Flour; all-purpose</item></ing>
      <ing>
        <amt>
          <qty>1/4</qty>
          <unit>cups</unit></amt>
        <item>Flour; whole-grain wheat</item></ing>
      <ing>
        <amt>
          <qty>1 1/4</qty>
          <unit>teaspoons</unit></amt>
        <item>Baking powder</item></ing>
      <ing>
        <amt>
          <qty>1/2</qty>
          <unit>teaspoons</unit></amt>
        <item>Baking soda</item></ing>
      <ing>
        <amt>
          <qty>3/4</qty>
          <unit>teaspoons</unit></amt>
        <item>Salt</item></ing>
      <ing>
        <amt>
          <qty>1 1/4</qty>
          <unit>teaspoons</unit></amt>
        <item>Cinnamon</item></ing>
      <ing>
        <amt>
          <qty>3/4</qty>
          <unit>teaspoons</unit></amt>
        <item>Allspice</item></ing>
      <ing>
        <amt>
          <qty>1/2</qty>
          <unit>teaspoons</unit></amt>
        <item>Nutmeg</item></ing>
      <ing>
        <amt>
          <qty>7</qty>
          <unit>tablespoons</unit></amt>
        <item>Butter; unsalted, softened</item></ing>
      <ing>
        <amt>
          <qty>1/2</qty>
          <unit>cups</unit></amt>
        <item>Dark brown sugar; plus 2 tablespoons</item></ing>
      <ing>
        <amt>
          <qty>2</qty>
          <unit>large</unit></amt>
        <item>Eggs</item></ing>
      <ing>
        <amt>
          <qty>2 1/2</qty>
          <unit>teaspoons</unit></amt>
        <item>Vanilla</item></ing>
      <ing>
        <amt>
          <qty>3</qty>
          <unit>tablespoons</unit></amt>
        <item>Molasses</item></ing>
      <ing>
        <amt>
          <qty>1/4</qty>
          <unit>cups</unit></amt>
        <item>Sour cream</item></ing>
      <ing>
        <amt>
          <qty>1</qty>
          <unit>cup</unit></amt>
        <item>Buttermilk; plus 3 tablespoons</item></ing>
      <ing>
        <amt>
          <qty>1 1/2</qty>
          <unit>cups</unit></amt>
        <item>Wheat bran</item></ing>
      <ing>
        <amt>
          <qty>1</qty>
          <unit>cup</unit></amt>
        <item>Raisins</item></ing></ingredients>
    <directions>
      <step>  Heat oven to 375F. Mix flour through nutmeg in a bowl and set aside.
  
  Beat the butter until light and fluffy, 1 to 2 minutes. Add the brown sugar
  and beat until combined and fluffy, about 1 minute more. Add eggs one at a
  time, beating well. Beat in vanilla, molasses and sour cream, and beat 1
  minute more. Add the buttermilk and half of the flour mixture. Beat in the
  remaining flour mixture until incorporated and slightly curdled looking.
  Stir in bran and raisins.
  
  Pour batter into greased muffin tins. Bake until a toothpick inserted in
  the center of a muffin comes out dry or with a few moist crumbs attached,
  about 25 minutes. Do not overbake! Cool on a rack 5 minutes and turn out to
  finish cooling.
  
  Makes 12 small or 6 jumbo muffins.
  
  Recipe by: Cook Magazine
  
  Posted to MC-Recipe Digest V1 #998 by "LAROSE, JOSEE"
  &lt;JOSEE.LAROSE@bdc.x400.gc.ca&gt; on 1998,
 
</step></directions></recipe></recipeml>
