<?xml version="1.0" encoding="UTF-8"?>

<recipeml version="0.5">
  <recipe>
    <head>
      <title>Baker's Turtle Brownies</title>
      <categories>
        <cat>Desserts</cat>
        <cat>Baldassari</cat></categories>
      <yield>24</yield></head>
    <ingredients>
      <ing>
        <amt>
          <qty>4</qty>
          <unit/></amt>
        <item>Squares unsweetened baking chocolate</item></ing>
      <ing>
        <amt>
          <qty>3/4</qty>
          <unit>cups</unit></amt>
        <item>Butter; (1 1/2 sticks)</item></ing>
      <ing>
        <amt>
          <qty>2</qty>
          <unit>cups</unit></amt>
        <item>Sugar</item></ing>
      <ing>
        <amt>
          <qty>4</qty>
          <unit>large</unit></amt>
        <item>Eggs</item></ing>
      <ing>
        <amt>
          <qty>1</qty>
          <unit>cup</unit></amt>
        <item>Flour</item></ing>
      <ing>
        <amt>
          <qty>14</qty>
          <unit>ounces</unit></amt>
        <item>Caramels; unwrapped</item></ing>
      <ing>
        <amt>
          <qty>1/3</qty>
          <unit>cups</unit></amt>
        <item>Heavy cream</item></ing>
      <ing>
        <amt>
          <qty>2</qty>
          <unit>cups</unit></amt>
        <item>Pecans; or walnut halves, divided</item></ing>
      <ing>
        <amt>
          <qty>12</qty>
          <unit>ounces</unit></amt>
        <item>Semi-sweet chocolate chips; optional</item></ing></ingredients>
    <directions>
      <step>  Heat oven to 350F. Grease foil-lined 13x9" baking pan. Microwave chocolate
  squares and butter in microwavable bowl on High 2 minutes or until butter
  is melted. Stir until chocolate is completely melted. Stir sugar into
  chocolate until well blended. Mix in eggs. Stir in flour. Spread 1/2 batter
  in prepared pan. Bake 25 minutes or until batter is firm to the touch.
  Meanwhile microwave caramels and cream in microwavable bowl on High 3
  minutes or until caramels begin to melt. Whisk until smooth. Stir in 1 cup
  of nuts. Gently spread caramel mixture over brownie batter in pan. Sprinkle
  with chocolate chips if desired. Pour remaining unbaked brownie batter
  evenly over caramel mixture; sprinkle with remaining nuts. Some caramel
  mixture may peak through. Bake an additional 30 minutes. Cool in pan. Run
  knife around edge of pan to loosen brownies from sides. Lift from pan using
  foil as handles. Cut into 24 fudgy brownies.
  
  Recipe by: Baker's Chocolate
  
  Posted to recipelu-digest Volume 01 Number 347 by Peg Baldassari
  &lt;Baldassari@compuserve.com&gt; on Dec 7, 1997
 
</step></directions></recipe></recipeml>
