<?xml version="1.0" encoding="UTF-8"?>

<recipeml version="0.5">
  <recipe>
    <head>
      <title>Baker's Bunny Brownies</title>
      <categories>
        <cat>Not</cat>
        <cat>Sent</cat></categories>
      <yield>10</yield></head>
    <ingredients>
      <ing>
        <amt>
          <qty>4</qty>
          <unit/></amt>
        <item>Squares Baker's Unsweetened Baking chocolate</item></ing>
      <ing>
        <amt>
          <qty>3/4</qty>
          <unit>cups</unit></amt>
        <item>Butter or margarine</item></ing>
      <ing>
        <amt>
          <qty>2</qty>
          <unit>cups</unit></amt>
        <item>Sugar</item></ing>
      <ing>
        <amt>
          <qty>3</qty>
          <unit/></amt>
        <item>Eggs</item></ing>
      <ing>
        <amt>
          <qty>1</qty>
          <unit>teaspoon</unit></amt>
        <item>Vanilla</item></ing>
      <ing>
        <amt>
          <qty>1</qty>
          <unit>cup</unit></amt>
        <item>Flour</item></ing>
      <ing>
        <amt>
          <qty/>
          <unit/></amt>
        <item>White chocolate coconut frosting; (see rec)</item></ing>
      <ing>
        <amt>
          <qty/>
          <unit/></amt>
        <item>Cake decorations</item></ing></ingredients>
    <directions>
      <step>  Heat oven to 350° (325° for glass baking dish). Line 13x9-inch baking pan
  with foil extending over edges to form handles. Grease foil.
  
  Microwave chocolate and butter in large microwavable bowl on HIGH 2 minutes
  or until butter is melted. Stir until chocolate is completely melted.
  
  Stir sugar into chocolate until well blended. Mix in eggs and vanilla. Stir
  in flour until well blended. Spread in prepared pan.
  
  Bake 30-35 minutes or until toothpick inserted in center comes out with
  fudge crumbs. DO NOT OVERBAKE. Cool in pan. Run knife around edge of pan to
  loosen brownies from sides. Lift from pan onto cutting board, using foil as
  handles. Frost with White Chocolate Coconut Frosting.
  
  Refrigerate brownies 10 minutes to set frosting. Cut into squares or cut
  into festive Easter shapes such as bunnies, using cookie cutters. (Press
  cutter into brownies. Lift up and press brownie up through cutter to
  remove).
  
  Recipe by: Baker's Chocolate
  
  Posted to MC-Recipe Digest by Carol Taillon &lt;taillon@access.mountain.net&gt;
  on Mar 5, 1998
 
</step></directions></recipe></recipeml>
