<?xml version="1.0" encoding="UTF-8"?>

<recipeml version="0.5">
  <recipe>
    <head>
      <title>Baked Zucchine Boats</title>
      <categories>
        <cat>Vegetables</cat>
        <cat>Main dish</cat></categories>
      <yield>8</yield></head>
    <ingredients>
      <ing>
        <amt>
          <qty>4</qty>
          <unit>x</unit></amt>
        <item>Zucchini, medium</item></ing>
      <ing>
        <amt>
          <qty>1</qty>
          <unit>cup</unit></amt>
        <item>Rice,long grain cooked</item></ing>
      <ing>
        <amt>
          <qty/>
          <unit/></amt>
        <item>Onion, yellow, chopped</item></ing>
      <ing>
        <amt>
          <qty/>
          <unit/></amt>
        <item>Garlic clove, chopped</item></ing>
      <ing>
        <amt>
          <qty>1</qty>
          <unit/></amt>
        <item>Egg, beaten</item></ing>
      <ing>
        <amt>
          <qty>2</qty>
          <unit>tablespoons</unit></amt>
        <item>Olive oil</item></ing>
      <ing>
        <amt>
          <qty>1/2</qty>
          <unit>pounds</unit></amt>
        <item>Ground beef, lean</item></ing>
      <ing>
        <amt>
          <qty>1/2</qty>
          <unit>cups</unit></amt>
        <item>Bread crumbs</item></ing>
      <ing>
        <amt>
          <qty>2</qty>
          <unit>cups</unit></amt>
        <item>Spaghetti sauce,canned *</item></ing>
      <ing>
        <amt>
          <qty>3</qty>
          <unit>tablespoons</unit></amt>
        <item>Dill, fresh, chopped</item></ing>
      <ing>
        <amt>
          <qty>2</qty>
          <unit>tablespoons</unit></amt>
        <item>Parsley, fresh, chopped</item></ing>
      <ing>
        <amt>
          <qty>2</qty>
          <unit>tablespoons</unit></amt>
        <item>Parmesan cheese, grated</item></ing></ingredients>
    <directions>
      <step>  * store bought if preferred.   Preparation: 30 minutes Cooking: 45 minutes
  350F Split zucchini lengthwise, scoop out seeds. Saute ground beef, onion,
  garlic, dill, and parsley in olive oil. Remove from heat. Add cooked rice,
  beaten egg, 1/4 c bread crumbs and mix well. Fill zucchini with mixture and
  place in a baking dish. Cover with spaghetti sauce, sprinkle cheese and
  remaining bread crumbs on top.  Cover and bake at 350 for approximately 45
  minutes, until zucchini is tender but firm. THE ANDERSONS' FOOD GARDEN
  
  From Gemini's MASSIVE MealMaster collection at www.synapse.com/~gemini
 
</step></directions></recipe></recipeml>
