<?xml version="1.0" encoding="UTF-8"?>

<recipeml version="0.5">
  <recipe>
    <head>
      <title>Baker's Square French Silk Pie</title>
      <categories>
        <cat>Pies</cat>
        <cat>Restaurants</cat></categories>
      <yield>1</yield></head>
    <ingredients>
      <ing>
        <amt>
          <qty/>
          <unit/></amt>
        <item>9" prepared pie crust</item></ing>
      <ing>
        <amt>
          <qty>1</qty>
          <unit>small</unit></amt>
        <item>Box instant choco pudding substitute buttermilk for milk</item></ing>
      <ing>
        <amt>
          <qty>1</qty>
          <unit/></amt>
        <item>Env Knox gelatin</item></ing>
      <ing>
        <amt>
          <qty>1/4</qty>
          <unit>cups</unit></amt>
        <item>Cold water</item></ing>
      <ing>
        <amt>
          <qty>9</qty>
          <unit>ounces</unit></amt>
        <item>Container cool whip</item></ing>
      <ing>
        <amt>
          <qty/>
          <unit/></amt>
        <item>Whipping cream, whipped</item></ing>
      <ing>
        <amt>
          <qty/>
          <unit/></amt>
        <item>Chocolate shavings</item></ing></ingredients>
    <directions>
      <step>  Prepare small box instant pudding, using buttermilk instead of milk; set
  aside. Prepare 1 envelope Knox gelatine with 1/4 cup cold water. Use glass
  measuring cup to mix gelatine. Set mixture in a pot or pan of hot water,
  while still in the cup, to help dissolve gelatine. Gelatine is dissolved
  when mixture is clear. Wire whisk gelatine into pudding and fold in the
  9oz. cool whip. Pour into prepared crust; chill. Apply whipping cream on
  top before serving. Garnish with chocolate shavings.
  
  From Gemini's MASSIVE MealMaster collection at www.synapse.com/~gemini
 
</step></directions></recipe></recipeml>
