<?xml version="1.0" encoding="UTF-8"?>

<recipeml version="0.5">
  <recipe>
    <head>
      <title>Baking Mix Pancakes</title>
      <categories>
        <cat>Bread</cat></categories>
      <yield>4</yield></head>
    <ingredients>
      <ing>
        <amt>
          <qty>1</qty>
          <unit/></amt>
        <item>Egg white; whipped</item></ing>
      <ing>
        <amt>
          <qty>1</qty>
          <unit>cup</unit></amt>
        <item>Skim milk; at room temperature</item></ing>
      <ing>
        <amt>
          <qty>1</qty>
          <unit>teaspoon</unit></amt>
        <item>Vanilla</item></ing>
      <ing>
        <amt>
          <qty>3</qty>
          <unit>tablespoons</unit></amt>
        <item>Fleischmann's fat free spread</item></ing>
      <ing>
        <amt>
          <qty>1 1/2</qty>
          <unit>cups</unit></amt>
        <item>Low-fat baking mix</item></ing>
      <ing>
        <amt>
          <qty>1</qty>
          <unit>teaspoon</unit></amt>
        <item>Baking powder</item></ing></ingredients>
    <directions>
      <step>  From: matejka@bga.com (Anita A. Matejka, Texas, USA)
  
  Recipe By : Pioneer. Low Fat Biscuit &amp; Baking Mix
  
  I have made this recipe many times.The pancakes turn out very well! I
  sometimes add additional spices and fruit to the mix. Enjoy:-)
  
  Prepare skillet with cooking spray and heat on medium until hot. In a
  mixing bowl, combine egg white, milk, vanilla, and spread. In another
  mixing bowl, combine baking mix and baking powder. Mix dry ingredients with
  wet ingredients just until moistened. Ladle in the batter, using 2 or more
  tablespoons per cake. Cook for 2 minutes, then flip carefully and cook for
  2 minutes more. Repeat with remaining batter.
  
  Per serving: 73 Calories; less than one gram Fat (2% calories from fat); 2g
  Protein; 18g Carbohydrate; 0mg Cholesterol; 283mg Sodium
  
  Serving Ideas : Serve with warm syrup, low-fat sausage, or low-fat bacon.
  
  DAVE &lt;DAVIDG@CLAM.RUTGERS.EDU&gt;
  
  RECIPEINTERNET LIST SERVER
  
  RECIPE ARCHIVE - 19 MARCH 1996
  
  From the 'RECIPEinternet: Recipes from Around the World' recipe list.
  Downloaded from Glen's MM Recipe Archive, http://www.erols.com/hosey.
 
</step></directions></recipe></recipeml>
