<?xml version="1.0" encoding="UTF-8"?>

<recipeml version="0.5">
  <recipe>
    <head>
      <title>Baking Mix, Low Sodium</title>
      <categories>
        <cat>Breads</cat>
        <cat>Mixes</cat></categories>
      <yield>12</yield></head>
    <ingredients>
      <ing>
        <amt>
          <qty>9</qty>
          <unit>cups</unit></amt>
        <item>Flour</item></ing>
      <ing>
        <amt>
          <qty>1/4</qty>
          <unit>cups</unit></amt>
        <item>Sugar</item></ing>
      <ing>
        <amt>
          <qty>1/2</qty>
          <unit>cups</unit></amt>
        <item>Low-sodium baking powder</item></ing>
      <ing>
        <amt>
          <qty>1 1/4</qty>
          <unit>cups</unit></amt>
        <item>Vegetable Oil</item></ing></ingredients>
    <directions>
      <step>  Sift together flour, baking powder and sugar twice in a large bowl. Add oil
  slowly, using pastry blender, until mixture is texture of coarse corn meal.
  Store in a tightly covered container at room temperature or in the
  refrigerator. Mix will keep two months at room temperature, longer in the
  refrigerator. Spoon mixture into a cup lightly and level with a knife or
  spatula. Yield: 12 Cups. Posted to MC-Recipe Digest V1 #
  Posted to MM-Recipes Digest  by Marti Wolek &lt;mwolek@techline.com&gt; on Mar
  09, 1998
 
</step></directions></recipe></recipeml>
