<?xml version="1.0" encoding="UTF-8"?>

<recipeml version="0.5">
  <recipe>
    <head>
      <title>Baking Powder Biscuits</title>
      <categories>
        <cat/></categories>
      <yield>100</yield></head>
    <ingredients>
      <ing>
        <amt>
          <qty>16</qty>
          <unit>pounds</unit></amt>
        <item>BISCUIT MIX #10</item></ing>
      <ing>
        <amt>
          <qty>PAN:</qty>
          <unit>18</unit></amt>
        <item>BY 26-INCH SHEET PAN             TEMPERATURE:  450 F. OVEN</item></ing></ingredients>
    <directions>
      <step>  :
  
  1.  USE CANNED BISCUIT MIX.  PREPARE ACCORDING TO INSTRUCTIONS ON
  CONTAINER.
  FOR CONVECTION OVEN, SEE NOTE 2.
  *ALL NOTES ARE PER 100 PORTIONS
  
  NOTE:  1.  FOR BROWNER TOPS:  IN STEP 1, ADD 8 OZ (1 CUP) GRANULATED SUGAR
  TO DRY INGREDIENTS.
  
  Recipe Number: D00101
  
  SERVING SIZE: 2 BISCUITS
  
  From the &lt;Army Master Recipe Index File&gt; (actually used today!).
  Downloaded from Glen's MM Recipe Archive, http://www.erols.com/hosey.
 
</step></directions></recipe></recipeml>
