<?xml version="1.0" encoding="UTF-8"?>

<recipeml version="0.5">
  <recipe>
    <head>
      <title>Baking Mix, Lowfat</title>
      <categories>
        <cat>Vegetarian</cat></categories>
      <yield>1</yield></head>
    <ingredients>
      <ing>
        <amt>
          <qty>1 1/2</qty>
          <unit>cups</unit></amt>
        <item>All-purpose flour</item></ing>
      <ing>
        <amt>
          <qty>3/4</qty>
          <unit>cups</unit></amt>
        <item>Sugar</item></ing>
      <ing>
        <amt>
          <qty>2</qty>
          <unit>teaspoons</unit></amt>
        <item>Baking powder</item></ing>
      <ing>
        <amt>
          <qty>1/4</qty>
          <unit>teaspoons</unit></amt>
        <item>Salt</item></ing>
      <ing>
        <amt>
          <qty>1/3</qty>
          <unit>cups</unit></amt>
        <item>Butter Buds</item></ing>
      <ing>
        <amt>
          <qty>1/3</qty>
          <unit>cups</unit></amt>
        <item>Skim milk</item></ing>
      <ing>
        <amt>
          <qty>1/4</qty>
          <unit>cups</unit></amt>
        <item>Egg beaters 99% egg substitute</item></ing>
      <ing>
        <amt>
          <qty>1/4</qty>
          <unit>cups</unit></amt>
        <item>Water</item></ing></ingredients>
    <directions>
      <step>  Combine dry ingredients. Stir in liquid Butter Buds with fork until
  moistened and it resembles coarse crumbs. Add skim milk, water and Egg
  Beaters, mixing until dry ingredients are moistened. Drop by cup fulls over
  hot filling.
  
  &gt;From: Michelle Shinkle &lt;leashell@mcn.net&gt;
  
  Recipe by: Butter Buster Cookbook Posted to Digest eat-lf.v097.n198 by
  "Martha H. Sheppard" &lt;marthahs@worldnet.att.net&gt; on Aug 5, 1997
 
</step></directions></recipe></recipeml>
