<?xml version="1.0" encoding="UTF-8"?>

<recipeml version="0.5">
  <recipe>
    <head>
      <title>Baking Powder Biscuits with Onions and Shallots</title>
      <categories>
        <cat>Breads</cat></categories>
      <yield>16</yield></head>
    <ingredients>
      <ing>
        <amt>
          <qty>1</qty>
          <unit>medium</unit></amt>
        <item>Onion</item></ing>
      <ing>
        <amt>
          <qty>1</qty>
          <unit>small</unit></amt>
        <item>Shallot</item></ing>
      <ing>
        <amt>
          <qty>11</qty>
          <unit>tablespoons</unit></amt>
        <item>Chilled butter</item></ing>
      <ing>
        <amt>
          <qty>1</qty>
          <unit>cup</unit></amt>
        <item>Cold milk</item></ing>
      <ing>
        <amt>
          <qty>2</qty>
          <unit>cups</unit></amt>
        <item>All-purpose flour</item></ing>
      <ing>
        <amt>
          <qty>1</qty>
          <unit>cup</unit></amt>
        <item>Plain cake flour</item></ing>
      <ing>
        <amt>
          <qty>1</qty>
          <unit>tablespoon</unit></amt>
        <item>Baking powder</item></ing>
      <ing>
        <amt>
          <qty/>
          <unit/></amt>
        <item>Salt</item></ing></ingredients>
    <directions>
      <step>  PREPARATION: Line a baking sheet with parchment or wax paper. Peel and
  mince onion and shallot. Heat 1 tablespoon butter in a skillet. Add onion
  and shallot, and saute' until softened, 5 minutes. Cool mixture and stir in
  milk; set aside. Mix flours, baking powder, and 1 teaspoon salt in a bowl,
  or in the workbowl of a food processor fitted with the metal blade. Cut 9
  tablespoons butter into 1/2-inch pieces and work butter into the dry
  ingredients with your fingertips, or pulse, until mixture resembles coarse
  meal. Stir or pulse in the milk mixture until the dough just holds
  together. Transfer dough to a lightly floured surface and knead 10 times.
  
  COOKING: Adjust oven rack to middle position and heat oven to 400F. Roll
  dough 3/4 inch thick, cut into 1 1/2-inch squares, and put 1 inch apart on
  baking sheet. Melt and brush remaining butter on top of the biscuits. Bake
  until golden brown, about 18 minutes. Serve warm. Makes 16 Biscuits.
  
  Formatted for Kitmail 5/98
  
  Posted by JoAnn Pellegrino NOTES
  : The sauteed onion and shallot add a sweet and savory flavor to these
  biscuits, which are in constant demand at Rocco's restaurant in Boston.
  Recipe by: The Best of Cook's Magazine
  
  Posted to KitMailbox Digest  by J Pellegrino &lt;gigimfg@ix.netcom.com&gt; on May
  23, 1998
 
</step></directions></recipe></recipeml>
