<?xml version="1.0" encoding="UTF-8"?>

<recipeml version="0.5">
  <recipe>
    <head>
      <title>Baking Powder Biscuits</title>
      <categories>
        <cat>Breads</cat></categories>
      <yield>16</yield></head>
    <ingredients>
      <ing>
        <amt>
          <qty>2</qty>
          <unit>cups</unit></amt>
        <item>All-purpose flour</item></ing>
      <ing>
        <amt>
          <qty>1</qty>
          <unit>tablespoon</unit></amt>
        <item>Double acting baking powder</item></ing>
      <ing>
        <amt>
          <qty>1/2</qty>
          <unit>teaspoons</unit></amt>
        <item>Salt</item></ing>
      <ing>
        <amt>
          <qty>1/4</qty>
          <unit>cups</unit></amt>
        <item>Unsalted butter =OR=- Shortening</item></ing>
      <ing>
        <amt>
          <qty>3/4</qty>
          <unit>cups</unit></amt>
        <item>Buttermilk</item></ing></ingredients>
    <directions>
      <step>  COMBINE FLOUR, baking powder, salt and butter in a mixer and mix until
  crumbly. Add the buttermilk and mix until the dough holds together. Do not
  over-mix. Turn out on a floured surface and roll the dough out to a
  3/4-inch thickness. Cut into rounds or squares. Place fairly close together
  on an ungreased cookie sheet and bake in preheated 450F oven for 12 to 15
  minutes.
  
  MICHAEL ROBERTS - PRODIGY GUEST CHEFS COOKBOOK
  
  From Gemini's MASSIVE MealMaster collection at www.synapse.com/~gemini
 
</step></directions></recipe></recipeml>
