<?xml version="1.0" encoding="UTF-8"?>

<recipeml version="0.5">
  <recipe>
    <head>
      <title>Baking Butter Graham Cracker Crust</title>
      <categories>
        <cat>Desserts</cat>
        <cat>Freezer</cat>
        <cat>Low-fat</cat>
        <cat>Pies</cat></categories>
      <yield>8</yield></head>
    <ingredients>
      <ing>
        <amt>
          <qty>1/3</qty>
          <unit>cups</unit></amt>
        <item>Baking Butter; Mrs. Bateman's Butterlike, softened</item></ing>
      <ing>
        <amt>
          <qty>1 1/2</qty>
          <unit>teaspoons</unit></amt>
        <item>Water; warmed</item></ing>
      <ing>
        <amt>
          <qty>11 1/2</qty>
          <unit/></amt>
        <item>Lowfat graham crackers; crumbed, fine, 2.5 c</item></ing>
      <ing>
        <amt>
          <qty>3</qty>
          <unit>tablespoons</unit></amt>
        <item>Sugar</item></ing>
      <ing>
        <amt>
          <qty>1</qty>
          <unit>dash</unit></amt>
        <item>Baking soda</item></ing></ingredients>
    <directions>
      <step>  Soften Baking Butter in the microwave for 20 seconds and mix it with the
  warm water. In a mixing bowl, combine all the ingredients and mix well
  until moistened. Divid the crumb mixture into 2, 9" vegetable sprayed pie
  pans and press evenly on the bottom and up the sides. I prefer not TOO
  thick a crust. Bake at 350 F. for 15 minutes. Cool. Fill with any kind of
  filling you like.
  
  These would freeze well, tightly wrapped.
  
  Note: Mrs. Bateman's Butterlike (tm) Baking Butter (tm) is a very low-fat
  butter substitute that I have been pleased with, overall. If you don't have
  a local source, contact Bateman's Baking Butter, Inc., 125 South State
  Street, Rigby, ID 83442, (800)574-6822
  
  Recipe by: Mrs. Bateman's Lowfat Baking Butter Cookbook Posted to MC-Recipe
  Digest V1 #670 by hurlbert &lt;hurlbert@concentric.net&gt; on Jul 13, 1997
 
</step></directions></recipe></recipeml>
