<?xml version="1.0" encoding="UTF-8"?>

<recipeml version="0.5">
  <recipe>
    <head>
      <title>Baking Powder Biscuits</title>
      <categories>
        <cat>Breads</cat>
        <cat>Biscuits</cat>
        <cat>1941</cat></categories>
      <yield>1</yield></head>
    <ingredients>
      <ing>
        <amt>
          <qty>3</qty>
          <unit>cups</unit></amt>
        <item>Ready-mixed flour</item></ing>
      <ing>
        <amt>
          <qty>7</qty>
          <unit>tablespoons</unit></amt>
        <item>Shortening</item></ing>
      <ing>
        <amt>
          <qty>1</qty>
          <unit>cup</unit></amt>
        <item>Milk</item></ing></ingredients>
    <directions>
      <step>  Sift flour, measure, and sift.  Cut in shortening with 2 spatulas. Add
  milk.  Turn onto lightly floured board. Knead lightly and pat into sheet
  1/2 inch thick. Cut with floured cutter. Bake in hot oven (450ø F) 12
  minutes.  16 servings. The Household Searchlight - 1941
  
  Converted by MMCONV vers. 1.20
  
  From Gemini's MASSIVE MealMaster collection at www.synapse.com/~gemini
 
</step></directions></recipe></recipeml>
