<?xml version="1.0" encoding="UTF-8"?>

<recipeml version="0.5">
  <recipe>
    <head>
      <title>Baking Powder Biscuits</title>
      <categories>
        <cat>Biscuits</cat></categories>
      <yield>4</yield></head>
    <ingredients>
      <ing>
        <amt>
          <qty>1</qty>
          <unit/></amt>
        <item>Bag; (5 lb.) self-rising flour</item></ing>
      <ing>
        <amt>
          <qty>3/4</qty>
          <unit>cups</unit></amt>
        <item>Sugar</item></ing>
      <ing>
        <amt>
          <qty>2</qty>
          <unit>packages</unit></amt>
        <item>(1 qt.) dried milk</item></ing>
      <ing>
        <amt>
          <qty>1 1/2</qty>
          <unit>pounds</unit></amt>
        <item>Lard</item></ing>
      <ing>
        <amt>
          <qty>6</qty>
          <unit>cups</unit></amt>
        <item>Water</item></ing></ingredients>
    <directions>
      <step>  Mix the first three ingredients well using a large shredder. Shred the
  shortening into the dry mix. Use a pastry blender and cut shortening into
  fine particles*. Add 6 cups water and stir - turn out on floured board (use
  part of dry mix as flour). Knead several times. Roll out 1/2-3/4 inch
  thickness. Cut out and place on ungreased cookie pan. Bake at 450 degrees
  for 15 minutes or until nicely browned - makes 5 dozen.
  
  This mixture can be made up and stored in large container. Measure out
  amount needed for biscuits, dumplings, etc., and add liquid as needed. The
  more moisture you can use the lighter your biscuits.
  
  Recipe by: Key Gourmet
  
  Posted to recipelu-digest by James and Susan Kirkland &lt;kirkland@gj.net&gt; on
  Feb 16, 1998
 
</step></directions></recipe></recipeml>
