<?xml version="1.0" encoding="UTF-8"?>

<recipeml version="0.5">
  <recipe>
    <head>
      <title>Baklava (Walnut Pastry)</title>
      <categories>
        <cat>None</cat></categories>
      <yield>1</yield></head>
    <ingredients>
      <ing-div>
        <title/>
        <ing>
          <amt>
            <qty>1</qty>
            <unit>pound</unit></amt>
          <item>Filo sheets</item></ing>
        <ing>
          <amt>
            <qty>3/4</qty>
            <unit>pounds</unit></amt>
          <item>Unsalted butter; melted</item></ing>
        <ing>
          <amt>
            <qty>1</qty>
            <unit>pound</unit></amt>
          <item>Finely chopped walnuts</item></ing>
        <ing>
          <amt>
            <qty>5</qty>
            <unit>tablespoons</unit></amt>
          <item>Sugar</item></ing>
        <ing>
          <amt>
            <qty>1</qty>
            <unit>teaspoon</unit></amt>
          <item>Cinnamon</item></ing>
        <ing>
          <amt>
            <qty>1</qty>
            <unit>dash</unit></amt>
          <item>Cloves</item></ing></ing-div>
      <ing-div>
        <title>SYRUP</title>
        <ing>
          <amt>
            <qty>4</qty>
            <unit>cups</unit></amt>
          <item>Sugar</item></ing>
        <ing>
          <amt>
            <qty>4</qty>
            <unit>cups</unit></amt>
          <item>Water</item></ing>
        <ing>
          <amt>
            <qty>1</qty>
            <unit>cup</unit></amt>
          <item>Honey</item></ing>
        <ing>
          <amt>
            <qty>1/2</qty>
            <unit/></amt>
          <item>Lemon; strained , Juice of</item></ing></ing-div></ingredients>
    <directions>
      <step>  From: Bulldogfla &lt;Bulldogfla@aol.com&gt;
  Preheat oven to 350 degrees. Keep filo sheets laid out and covered with a
  damp towel. In a bowl, combine the sugar, walnuts, cinnamon, and cloves.
  Place 10-12 sheets of filo pastry in a 13 x 9-inch baking dish, brushing
  every other sheet evenly with butter. Sprinkle 1/4 of the walnut mixture on
  top. Cover with another 5 or 6 buttered sheets, and repeat, covering with
  remaining buttered filo sheets. Heat remaining butter until hot and lightly
  browned. Pour evenly over the baklava. Bake for 30 minutes. Reduce
  temperature to 300 degrees and bake for 1 hour longer. When cooled, pour
  hot syrup on top.
  
  To make syrup, combine the sugar and water and bring to a boil continue
  boiling for 15 minutes, or until syrup is slightly thick. Add the honey and
  bring just to a boil. Add lemon juice.
  
  Posted to recipelu-digest by jeryder@juno.com on Mar 21, 1998
 
</step></directions></recipe></recipeml>
