<?xml version="1.0" encoding="UTF-8"?>

<recipeml version="0.5">
  <recipe>
    <head>
      <title>Baklava (Low Fat Low Cal Version)</title>
      <categories>
        <cat>Ethnic</cat>
        <cat>Desserts</cat>
        <cat>Low-cal</cat></categories>
      <yield>35</yield></head>
    <ingredients>
      <ing>
        <amt>
          <qty>1/2</qty>
          <unit>pounds</unit></amt>
        <item>Shelled pistachio nuts, ground</item></ing>
      <ing>
        <amt>
          <qty>3</qty>
          <unit>tablespoons</unit></amt>
        <item>Sugar</item></ing>
      <ing>
        <amt>
          <qty>3/4</qty>
          <unit>teaspoons</unit></amt>
        <item>Ground cinnamon</item></ing>
      <ing>
        <amt>
          <qty>1 1/2</qty>
          <unit>tablespoons</unit></amt>
        <item>Rose water</item></ing>
      <ing>
        <amt>
          <qty>1/2</qty>
          <unit>pounds</unit></amt>
        <item>Filo dough</item></ing>
      <ing>
        <amt>
          <qty>1/2</qty>
          <unit>cups</unit></amt>
        <item>Low-calorie margarine, melted</item></ing>
      <ing>
        <amt>
          <qty/>
          <unit/></amt>
        <item>Rose Water Syrup</item></ing>
      <ing>
        <amt>
          <qty/>
          <unit/></amt>
        <item>Whole cloves,optional</item></ing></ingredients>
    <directions>
      <step>  This rich-tasting baklava contains half the amount of sugar and a fraction
  of the fat you would normally use, thanks to reduced fats, sugar, and nuts.
  The results will fool anyone. 1. Combine pistacho nuts, sugar, cinnamon and
  rose water in small bowl. Using half of filo sheets (cover remaining with
  plastic wrap to prevent from drying out), place 3 sheets in bottom of
  lightly greased 13x9" baking sheet. Brush with some of margarine. Sprinkle
  evenly with nut mixture. Place remaining sheets over nut filling, brushing
  after every third sheet and top sheet. 2. Cut baklava at 1-1/2" intervals
  diagonally to form pattern of about 35 diamond shapes. Bake at 400'F. 25
  minutes or until golden. Place on wire rack to cool. Drizzle Rose Water
  Syrup evenly over top and allow to soak several hours. Stud each
  diamond-shape with whole clove.
  
  From Gemini's MASSIVE MealMaster collection at www.synapse.com/~gemini
 
</step></directions></recipe></recipeml>
