<?xml version="1.0" encoding="UTF-8"?>

<recipeml version="0.5">
  <recipe>
    <head>
      <title>Banana Orange Chiffon Cake</title>
      <categories>
        <cat>Cakes</cat>
        <cat>New text im</cat></categories>
      <yield>1</yield></head>
    <ingredients>
      <ing>
        <amt>
          <qty>2 1/4</qty>
          <unit>cups</unit></amt>
        <item>Sifted cake flour</item></ing>
      <ing>
        <amt>
          <qty>1 1/2</qty>
          <unit>cups</unit></amt>
        <item>Sugar</item></ing>
      <ing>
        <amt>
          <qty>3</qty>
          <unit>teaspoons</unit></amt>
        <item>Baking powder</item></ing>
      <ing>
        <amt>
          <qty>1</qty>
          <unit>teaspoon</unit></amt>
        <item>Salt</item></ing>
      <ing>
        <amt>
          <qty>1/2</qty>
          <unit>cups</unit></amt>
        <item>Corn oil</item></ing>
      <ing>
        <amt>
          <qty>6</qty>
          <unit>large</unit></amt>
        <item>Eggs; separated</item></ing>
      <ing>
        <amt>
          <qty>1</qty>
          <unit>cup</unit></amt>
        <item>Sieved ripe bananas (2 lg.)</item></ing>
      <ing>
        <amt>
          <qty>1</qty>
          <unit>teaspoon</unit></amt>
        <item>Grated orange rind</item></ing>
      <ing>
        <amt>
          <qty>1/3</qty>
          <unit>cups</unit></amt>
        <item>Orange juice</item></ing>
      <ing>
        <amt>
          <qty>1/2</qty>
          <unit>teaspoons</unit></amt>
        <item>Cream of tartarORANGE FROSTING:</item></ing>
      <ing>
        <amt>
          <qty>2</qty>
          <unit>tablespoons</unit></amt>
        <item>Butter</item></ing>
      <ing>
        <amt>
          <qty>1</qty>
          <unit>tablespoon</unit></amt>
        <item>Light corn syrup</item></ing>
      <ing>
        <amt>
          <qty>1/2</qty>
          <unit>teaspoons</unit></amt>
        <item>Grated orange rind</item></ing>
      <ing>
        <amt>
          <qty>1</qty>
          <unit>cup</unit></amt>
        <item>Sifted confectioner's sugar</item></ing>
      <ing>
        <amt>
          <qty>1</qty>
          <unit>tablespoon</unit></amt>
        <item>Orange juice</item></ing></ingredients>
    <directions>
      <step>  Preparation : Into a medium mixing bowl sift together the flour, sugar,
  baking powder and salt. Make a well in the center; add corn oil, egg yolks,
  banana, orange rind, and orange juice. With a wooden spoon beat until
  smooth. In a large mixing bowl beat egg whites and cream of tartar until
  whites hold stiff peaks when beater is slowly withdrawn. Gently fold in
  flour mixture, blending well. Pour into an ungreased angel food cake pan -
  10 x 4 inches. Bake in a preheated 325 degree oven until a cake tester
  inserted comes out clean and cake springs back when touched - 1 hour and 10
  or 15 minutes. At once invert pan and let stand on legs; if pan does not
  have legs invert over a funnel or bottle; cool completely. With a small
  metal spatula loosen edges and around tube; ease out of pan with fingers.
  Leave cake bottom side up (top will have cracks) and cover with Orange
  Frosting. Cake my be cut into 15 (2-inch) wedges.
  
  Recipe by: Cookbook USA Posted to MC-Recipe Digest V1 #738 by Gerald
  Edgerton &lt;jerrye@wizard.com&gt; on Aug 12, 1997
 
</step></directions></recipe></recipeml>
