<?xml version="1.0" encoding="UTF-8"?>

<recipeml version="0.5">
  <recipe>
    <head>
      <title>Banana Pudding #3</title>
      <categories>
        <cat>Dessert</cat></categories>
      <yield>6</yield></head>
    <ingredients>
      <ing>
        <amt>
          <qty>2/3</qty>
          <unit>cups</unit></amt>
        <item>Sugar</item></ing>
      <ing>
        <amt>
          <qty>3</qty>
          <unit>tablespoons</unit></amt>
        <item>Cornstarch</item></ing>
      <ing>
        <amt>
          <qty>1/4</qty>
          <unit>cups</unit></amt>
        <item>Water</item></ing>
      <ing>
        <amt>
          <qty>2</qty>
          <unit/></amt>
        <item>Eggs; separated</item></ing>
      <ing>
        <amt>
          <qty>1 1/2</qty>
          <unit>cups</unit></amt>
        <item>Milk</item></ing>
      <ing>
        <amt>
          <qty>1</qty>
          <unit>teaspoon</unit></amt>
        <item>Vanilla extract (up to)</item></ing>
      <ing>
        <amt>
          <qty>24</qty>
          <unit/></amt>
        <item>Vanilla wafers; divided</item></ing>
      <ing>
        <amt>
          <qty>2</qty>
          <unit>medium</unit></amt>
        <item>Bananas; sliced</item></ing>
      <ing>
        <amt>
          <qty>1/8</qty>
          <unit>teaspoons</unit></amt>
        <item>Cream of tartar</item></ing>
      <ing>
        <amt>
          <qty>2</qty>
          <unit>tablespoons</unit></amt>
        <item>Sugar</item></ing></ingredients>
    <directions>
      <step>   Combine 2/3 cup sugar and cornstarch in a heavy saucepan; mix well. Stir
  in water; mix well.
  
   Beat egg yolks; add milk, mixing well. Gradually add milk mixture to
  cornstarch mixture. Cook over medium heat, stirring constantly, until
  mixture boils. Boil 1 minute, stirring constantly, until thickened. Remove
  from heat; stir in vanilla. Cool slightly.
  
   Arrange half of vanilla wafers in the bottom of a 1-1/2 quart baking dish;
  Spread with half of pudding. Top with banana slices. Arrange remaining
  wafers around the outside edge of dish. Spread with remaining pudding.
  
   Combine egg whites (at room temperature) and cream of tartar; beat at high
  speed of an electric mixer until foamy. Gradually add 2 tablespoons sugar,
  beating until stiff peaks form. Spread meringue over pudding, sealing to
  edge of dish. Bake at 400 degrees for 8-10 minutes or until golden brown.
  Serve warm or at room temperature. Yields 6 servings. Joyce Dean Garrison,
  Charlotte, NC.
  
  SOUTHERN LIVING, FEB 1988
  
  From a collection of my mother's (Judy Hosey) recipe box which contained
  lots of her favorite recipes, clippings, etc.  Downloaded from Glen's MM
  Recipe Archive, http://www.erols.com/hosey.
 
</step></directions></recipe></recipeml>
