<?xml version="1.0" encoding="UTF-8"?>

<recipeml version="0.5">
  <recipe>
    <head>
      <title>Banana Pecan Bread (Muffins)</title>
      <categories>
        <cat>Breads/bana</cat>
        <cat>Bananas</cat></categories>
      <yield>10</yield></head>
    <ingredients>
      <ing>
        <amt>
          <qty>1 1/4</qty>
          <unit>cups</unit></amt>
        <item>Sugar</item></ing>
      <ing>
        <amt>
          <qty>2/3</qty>
          <unit>cups</unit></amt>
        <item>Oil</item></ing>
      <ing>
        <amt>
          <qty>2</qty>
          <unit>cups</unit></amt>
        <item>Flour</item></ing>
      <ing>
        <amt>
          <qty>2/3</qty>
          <unit>teaspoons</unit></amt>
        <item>Salt</item></ing>
      <ing>
        <amt>
          <qty>1 1/3</qty>
          <unit>teaspoons</unit></amt>
        <item>Baking soda</item></ing>
      <ing>
        <amt>
          <qty>3 1/3</qty>
          <unit>medium</unit></amt>
        <item>Bananas; mashed</item></ing>
      <ing>
        <amt>
          <qty>3</qty>
          <unit/></amt>
        <item>Eggs</item></ing>
      <ing>
        <amt>
          <qty>2/3</qty>
          <unit>cups</unit></amt>
        <item>Pecans; chopped</item></ing>
      <ing>
        <amt>
          <qty>2/3</qty>
          <unit>teaspoons</unit></amt>
        <item>Vanilla</item></ing></ingredients>
    <directions>
      <step>  Preheat oven to 350 degrees.
  
  Cream sugar and oil. Add bananas and eggs. Add dry ingredients. Mix
  thoroughly and pour into two greased loaf pans or muffin tines. Bake about
  45 minutes for loaves; 30 minutes for muffins.
  
  Makes 20 small muffins. Bake for 30 minutes.
  
  Recipe by: ???
  
  Posted to MC-Recipe Digest by Libbi Rich (rich_sf@pacbell.net)
  &lt;rich_sf@pacbell.net&gt; on Apr 6, 1998
 
</step></directions></recipe></recipeml>
