<?xml version="1.0" encoding="UTF-8"?>

<recipeml version="0.5">
  <recipe>
    <head>
      <title>Banana Pecan Muffins</title>
      <categories>
        <cat>None</cat></categories>
      <yield>1</yield></head>
    <ingredients>
      <ing>
        <amt>
          <qty>1 1/2</qty>
          <unit>cups</unit></amt>
        <item>Flour</item></ing>
      <ing>
        <amt>
          <qty>1 1/2</qty>
          <unit>teaspoons</unit></amt>
        <item>Baking SODA</item></ing>
      <ing>
        <amt>
          <qty>3/4</qty>
          <unit>cups</unit></amt>
        <item>Raw sugar</item></ing>
      <ing>
        <amt>
          <qty>3 1/2</qty>
          <unit>ounces</unit></amt>
        <item>Butter</item></ing>
      <ing>
        <amt>
          <qty>1</qty>
          <unit/></amt>
        <item>Egg</item></ing>
      <ing>
        <amt>
          <qty>1 1/2</qty>
          <unit>teaspoons</unit></amt>
        <item>Baking POWDER</item></ing>
      <ing>
        <amt>
          <qty>1 1/2</qty>
          <unit>cups</unit></amt>
        <item>Bran</item></ing>
      <ing>
        <amt>
          <qty>1/2</qty>
          <unit>cups</unit></amt>
        <item>Chopped pecans or walnuts</item></ing>
      <ing>
        <amt>
          <qty>2</qty>
          <unit/></amt>
        <item>Very ripe bananas</item></ing>
      <ing>
        <amt>
          <qty>1/2</qty>
          <unit>cups</unit></amt>
        <item>Milk</item></ing>
      <ing>
        <amt>
          <qty>1/2</qty>
          <unit>cups</unit></amt>
        <item>Plain yogurt</item></ing></ingredients>
    <directions>
      <step>  Sift flour, b/pd., b/soda into a bowl. Stir in bran, sugar &amp; nuts. Make a
  well in center of dry ingredients. Melt butter in a small pot or microwave.
  Mash bananas. Lightly beat egg, milk &amp; yogurt together. Add bananas to dry
  ingredients. Pour melted butter &amp; egg mixture into the well &amp; mix with a
  fork until JUST combined. Spoon into prepared pans &amp; bake at 430oF for
  15-20 min.
  
  Posted to recipelu-digest Volume 01 Number 211 by Lee Theis
  &lt;theis@geocities.com&gt; on Nov 07, 1997
 
</step></directions></recipe></recipeml>
