<?xml version="1.0" encoding="UTF-8"?>

<recipeml version="0.5">
  <recipe>
    <head>
      <title>Banana Pudding Cheesecake</title>
      <categories>
        <cat>Cakes</cat></categories>
      <yield>12</yield></head>
    <ingredients>
      <ing>
        <amt>
          <qty>1/4</qty>
          <unit>cups</unit></amt>
        <item>Reduced-fat vanilla wafercrumbs</item></ing>
      <ing>
        <amt>
          <qty>2</qty>
          <unit/></amt>
        <item>Containers; (8-ounce) reduced-fat soft cream cheese</item></ing>
      <ing>
        <amt>
          <qty>2/3</qty>
          <unit>cups</unit></amt>
        <item>Sugar</item></ing>
      <ing>
        <amt>
          <qty>1/2</qty>
          <unit>cups</unit></amt>
        <item>Egg substitute</item></ing>
      <ing>
        <amt>
          <qty>2</qty>
          <unit/></amt>
        <item>Egg whites</item></ing>
      <ing>
        <amt>
          <qty>1</qty>
          <unit>cup</unit></amt>
        <item>Light sour cream</item></ing>
      <ing>
        <amt>
          <qty>1</qty>
          <unit>package</unit></amt>
        <item>(3-ounce) banana cream pudding mix</item></ing>
      <ing>
        <amt>
          <qty>3</qty>
          <unit>tablespoons</unit></amt>
        <item>Skim milk</item></ing>
      <ing>
        <amt>
          <qty>1</qty>
          <unit>teaspoon</unit></amt>
        <item>Vanilla extract</item></ing>
      <ing>
        <amt>
          <qty>2</qty>
          <unit>small</unit></amt>
        <item>Bananas; sliced</item></ing>
      <ing>
        <amt>
          <qty>1</qty>
          <unit>teaspoon</unit></amt>
        <item>Lemon juice</item></ing>
      <ing>
        <amt>
          <qty>3/4</qty>
          <unit>cups</unit></amt>
        <item>Reduced-calorie frozen whipped topping; thawed</item></ing>
      <ing>
        <amt>
          <qty>4</qty>
          <unit/></amt>
        <item>Reduced-fat vanilla wafers; cut in half</item></ing></ingredients>
    <directions>
      <step>  Sprinkle wafer crumbs over bottom of an 8-inch springform pan coated with
  vegetable cooking spray. Beat cream cheese at medium speed with an electric
  mixer until creamy; gradually add sugar, beating well. Add egg substitute
  and egg whites, beating until blended. Add sour cream and next 3
  ingredients, beating at low speed just until blended. Pour into prepared
  pan. Bake at 300° for 50 to 55 minutes. (Center will be soft but will firm
  when chilled.) Turn off oven; partially open oven door. Leave cheesecake in
  oven 20 minutes. Remove to a wire rack, and run a knife around edge of pan.
  Cool in pan on wire rack. Cover cheesecake, and chill 8 hours. Remove sides
  of pan. Toss banana with lemon juice; arrange on top of cake. Pipe or spoon
  whipped topping around edge, and insert wafer halves into topping. Makes
       12    servings.
  
  Notes: The number of fat grams in this recipe is a little high, but our
  rich, creamy cheesecake is worth the splurge.
  
  Per serving: Calories 227, Fat 9.7g.
  
  &gt;From Southern Living Website
  
  Recipe by: Southern Living
  
  Posted to MC-Recipe Digest V1 #1032 by Suzy Wert &lt;SuzyWert@aol.com&gt; on Jan
  22, 1998
 
</step></directions></recipe></recipeml>
