<?xml version="1.0" encoding="UTF-8"?>

<recipeml version="0.5">
  <recipe>
    <head>
      <title>Banana Rice Bread (Gluten Free)</title>
      <categories>
        <cat>None</cat></categories>
      <yield>1</yield></head>
    <ingredients>
      <ing-div>
        <title>NORMA WRENN</title>
        <ing>
          <amt>
            <qty>2 1/2</qty>
            <unit>cups</unit></amt>
          <item>Rice flour</item></ing>
        <ing>
          <amt>
            <qty>1/2</qty>
            <unit>teaspoons</unit></amt>
          <item>Sea salt</item></ing>
        <ing>
          <amt>
            <qty>1</qty>
            <unit>tablespoon</unit></amt>
          <item>Baking powder</item></ing>
        <ing>
          <amt>
            <qty>1/4</qty>
            <unit>pounds</unit></amt>
          <item>Butter; room temperature</item></ing>
        <ing>
          <amt>
            <qty>2/3</qty>
            <unit>cups</unit></amt>
          <item>Honey</item></ing>
        <ing>
          <amt>
            <qty>2</qty>
            <unit/></amt>
          <item>Eggs</item></ing>
        <ing>
          <amt>
            <qty>1 1/2</qty>
            <unit>cups</unit></amt>
          <item>Bananas; mashed</item></ing>
        <ing>
          <amt>
            <qty>1/2</qty>
            <unit>cups</unit></amt>
          <item>Chopped nuts</item></ing></ing-div></ingredients>
    <directions>
      <step>  Preheat the oven to 350 degrees. Generously butter a 9-inch loaf pan.
  
  Combine rice flour, salt, and baking powder and set aside. In an electric
  mixer cream the butter and honey. Add the eggs and beat well. Blend in the
  bananas and the dry ingredients. Stir vigorously and add the nuts. Pour
  mixture into the pan and bake 1 hour, or until the bread test done.
  
  Source: America's Bread Book, May Gubser - William Morrow ISBN
  0-688-11608-6
  Posted to MC-Recipe Digest by Brenda H. Alcorn Date: Friday, February 13,
  1998 9:07 PM on Feb 13, 1998
 
</step></directions></recipe></recipeml>
