<?xml version="1.0" encoding="UTF-8"?>

<recipeml version="0.5">
  <recipe>
    <head>
      <title>Banana Raisin Walnut Muffins Ww</title>
      <categories>
        <cat>Muffins etc</cat>
        <cat>Weight watc</cat>
        <cat>Fruit</cat></categories>
      <yield>12</yield></head>
    <ingredients>
      <ing>
        <amt>
          <qty>1</qty>
          <unit>cup</unit></amt>
        <item>Flour -- PLUS</item></ing>
      <ing>
        <amt>
          <qty>2</qty>
          <unit>teaspoons</unit></amt>
        <item>Flour</item></ing>
      <ing>
        <amt>
          <qty>1/2</qty>
          <unit>cups</unit></amt>
        <item>Nonfat dry milk powder</item></ing>
      <ing>
        <amt>
          <qty>1/4</qty>
          <unit>cups</unit></amt>
        <item>Brown sugar -- firmly packed</item></ing>
      <ing>
        <amt>
          <qty>2</qty>
          <unit>teaspoons</unit></amt>
        <item>Baking powder</item></ing>
      <ing>
        <amt>
          <qty>1/4</qty>
          <unit>teaspoons</unit></amt>
        <item>Nutmeg</item></ing>
      <ing>
        <amt>
          <qty>1/2</qty>
          <unit>teaspoons</unit></amt>
        <item>Baking soda</item></ing>
      <ing>
        <amt>
          <qty>1</qty>
          <unit>cup</unit></amt>
        <item>Buttermilk -- PLUS</item></ing>
      <ing>
        <amt>
          <qty>2</qty>
          <unit>teaspoons</unit></amt>
        <item>Buttermilk</item></ing>
      <ing>
        <amt>
          <qty>1</qty>
          <unit/></amt>
        <item>Egg -- lightly beaten</item></ing>
      <ing>
        <amt>
          <qty>1/4</qty>
          <unit>cups</unit></amt>
        <item>Vegetable oil -- LESS</item></ing>
      <ing>
        <amt>
          <qty>2</qty>
          <unit>teaspoons</unit></amt>
        <item>Vegetable oil</item></ing>
      <ing>
        <amt>
          <qty>2</qty>
          <unit>tablespoons</unit></amt>
        <item>Whipped butter -- melted</item></ing>
      <ing>
        <amt>
          <qty>1</qty>
          <unit/></amt>
        <item>Bananas -- ripe, mashed</item></ing>
      <ing>
        <amt>
          <qty>1/2</qty>
          <unit>cups</unit></amt>
        <item>Golden raisins -- plumped</item></ing>
      <ing>
        <amt>
          <qty>1</qty>
          <unit>ounce</unit></amt>
        <item>Walnuts -- chopped</item></ing></ingredients>
    <directions>
      <step>  Preheat oven to 400. Spray 12 muffin cups with nonstick spray. In medium
  mixing bowl combine flour, milk powder, sugar, baking powder, baking soda
  and nutmeg; stir to combine and set aside. In small bowl, combine
  buttermilk, egg, oil, and butter and stir until blended; stir in dry
  ingredients. Add banana, raisins, and walnuts and stir to combine (mixture
  will be lumpy). Fill each baking cup with an equal amount of batter and
  bake for 15 minutes (until golden brown and a toothpick inserted in center
  comes out dry). Transfer muffins from pan to wire rack and cool. Source:
  Weight Watchers' Meals in a Minute Cookbook
  
  Recipe By     : Meals in a Minute
  
  From: Jean@mcc2.Sws.Uiuc.Edu (Jean Denn
  
  From Gemini's MASSIVE MealMaster collection at www.synapse.com/~gemini
 
</step></directions></recipe></recipeml>
