<?xml version="1.0" encoding="UTF-8"?>

<recipeml version="0.5">
  <recipe>
    <head>
      <title>Banana Pancakes</title>
      <categories>
        <cat>None</cat></categories>
      <yield>1</yield></head>
    <ingredients>
      <ing-div>
        <title>COMBINE</title>
        <ing>
          <amt>
            <qty>3/4</qty>
            <unit>cups</unit></amt>
          <item>BUTTERMILK</item></ing>
        <ing>
          <amt>
            <qty>1</qty>
            <unit/></amt>
          <item>EGG</item></ing>
        <ing>
          <amt>
            <qty>1</qty>
            <unit>tablespoon</unit></amt>
          <item>OIL</item></ing></ing-div>
      <ing-div>
        <title>MIX WELL AND ADD</title>
        <ing>
          <amt>
            <qty>3/4</qty>
            <unit>cups</unit></amt>
          <item>WHOLE-WHEAT OR REGULAR FLOUR</item></ing>
        <ing>
          <amt>
            <qty>1</qty>
            <unit/></amt>
          <item>PACKED TABLESPOON BROWN SUGAR</item></ing>
        <ing>
          <amt>
            <qty>1</qty>
            <unit>teaspoon</unit></amt>
          <item>BAKING POWDER</item></ing>
        <ing>
          <amt>
            <qty>1/2</qty>
            <unit>teaspoons</unit></amt>
          <item>BAKING SODA</item></ing>
        <ing>
          <amt>
            <qty>1/2</qty>
            <unit>teaspoons</unit></amt>
          <item>SALT</item></ing></ing-div>
      <ing-div>
        <title>FOLD IN</title>
        <ing>
          <amt>
            <qty>2</qty>
            <unit/></amt>
          <item>MASHED BANANAS (can do in food processor)</item></ing></ing-div></ingredients>
    <directions>
      <step>  A good friend of mine who is currently diet conscious and trying to be into
  low fat etc. gave me this fine concoction. It is really quite good, and
  easy to prepare. Good for a quick snack, or dribble syrup on it for
  breakfast. Try it, you’ll like it.
  
  Drop 4 inch size pancakes (about half of a 1/4 cup measuring cup) into Pam
  sprayed or tefal skillet and cook until puffed, and little bubbles appear
  and pop open all over the top. Turn only once. You can gauge the doneness
  when you turn the first one, it should be nice and golden brown. Lift and
  peek under the bottom side a couple of minutes after you turn one over and
  you will know better when to take them up. Can be frozen, and reheated in
  microwave or mini-toaster oven, or in toaster. Excellent.
  
  Posted to TNT - Prodigy's Recipe Exchange Newsletter  by CHEBECK@aol.com on
  Sep 18, 1997
 
</step></directions></recipe></recipeml>
