<?xml version="1.0" encoding="UTF-8"?>

<recipeml version="0.5">
  <recipe>
    <head>
      <title>Banana Sour Cream Loaf</title>
      <categories>
        <cat>None</cat></categories>
      <yield>1</yield></head>
    <ingredients>
      <ing>
        <amt>
          <qty>2/3</qty>
          <unit>cups</unit></amt>
        <item>Butter or margarine</item></ing>
      <ing>
        <amt>
          <qty>1 1/2</qty>
          <unit>cups</unit></amt>
        <item>Sugar</item></ing>
      <ing>
        <amt>
          <qty>2</qty>
          <unit/></amt>
        <item>Eggs</item></ing>
      <ing>
        <amt>
          <qty>1 1/2</qty>
          <unit>cups</unit></amt>
        <item>Mashed bananas; (about 3)</item></ing>
      <ing>
        <amt>
          <qty>2 3/4</qty>
          <unit>cups</unit></amt>
        <item>Flour</item></ing>
      <ing>
        <amt>
          <qty>1</qty>
          <unit>teaspoon</unit></amt>
        <item>Baking powder</item></ing>
      <ing>
        <amt>
          <qty>1</qty>
          <unit>teaspoon</unit></amt>
        <item>Baking soda</item></ing>
      <ing>
        <amt>
          <qty>1/2</qty>
          <unit>teaspoons</unit></amt>
        <item>Salt</item></ing>
      <ing>
        <amt>
          <qty>1/2</qty>
          <unit>cups</unit></amt>
        <item>Sour cream</item></ing>
      <ing>
        <amt>
          <qty>1</qty>
          <unit>cup</unit></amt>
        <item>Chopped pecans or walnuts; (optional)</item></ing></ingredients>
    <directions>
      <step>  Cream butter and sugar until light and fluffy. Add eggs and bananas and
  beat until well blended. Sift together flour, baking powder, soda and salt.
  Add alternately with sour cream to banana mixture, stirring just to blend.
  Stir in nuts. Spoon batter into greased and floured (I just use Pam) loaf
  pan. Bake at 350 degrees for 90 minutes or until toothpick comes our clean.
  Let stand in pan for at least 10-15 minutes. (We can't wait - we love it
  hot as well as cold)
  
  I have family members ho are allergic to nuts - so I make some loaves with,
  some without and both are equally delicious.
  
  Another recipe I have calls for 1/2 cup rough chopped maraschino cherries.
  I added to above recipe - WOW! Absolutely mouth watering.
  
  Posted to recipelu-digest Volume 01 Number 636 by jeryder@juno.com (Judy E
  Ryder) on Jan 30, 1998
 
</step></directions></recipe></recipeml>
