<?xml version="1.0" encoding="UTF-8"?>

<recipeml version="0.5">
  <recipe>
    <head>
      <title>Banana Oatmeal Muffins</title>
      <categories>
        <cat>C.c. muffin</cat>
        <cat>Muffins</cat></categories>
      <yield>18</yield></head>
    <ingredients>
      <ing>
        <amt>
          <qty>1 1/2</qty>
          <unit>cups</unit></amt>
        <item>Flour</item></ing>
      <ing>
        <amt>
          <qty>1</qty>
          <unit>cup</unit></amt>
        <item>Rolled oats</item></ing>
      <ing>
        <amt>
          <qty>1/2</qty>
          <unit>cups</unit></amt>
        <item>Sugar</item></ing>
      <ing>
        <amt>
          <qty>2</qty>
          <unit>teaspoons</unit></amt>
        <item>Baking powder</item></ing>
      <ing>
        <amt>
          <qty>1</qty>
          <unit>teaspoon</unit></amt>
        <item>Baking soda</item></ing>
      <ing>
        <amt>
          <qty>1/2</qty>
          <unit>teaspoons</unit></amt>
        <item>Salt</item></ing>
      <ing>
        <amt>
          <qty>2</qty>
          <unit/></amt>
        <item>Eggs</item></ing>
      <ing>
        <amt>
          <qty>1/4</qty>
          <unit>cups</unit></amt>
        <item>Canola oil</item></ing>
      <ing>
        <amt>
          <qty>1/4</qty>
          <unit>cups</unit></amt>
        <item>1% low-fat milk</item></ing>
      <ing>
        <amt>
          <qty>1</qty>
          <unit>cup</unit></amt>
        <item>Mashed bananas; 3 medium</item></ing></ingredients>
    <directions>
      <step>  In a large bowl measure dry ingredients. Stir to mix. Make a well in
  center. In a small bowl beat eggs until frothy. Mix in oil, milk and
  bananas. Pour into well. Stir just until moistened. Batter will be lumpy.
  Fill greased muffin cups 3/4 full. Bake at 400 degrees for 20-25 mins.
  
  Source: Company's Coming-Muffins and More by Jean Pare. Formatted to
  Mastercook by Carol Floyd-c.floyd@arnprior. com
  
  NOTES : I make my muffins in the small mini muffin pans. Bake only for
  about 12 mins. or until done.
  Recipe by: Company's Coming Muffins and More
  
  Posted to MC-Recipe Digest V1 #912 by Carol &amp; Bob Floyd
  &lt;c.floyd@arnprior.com&gt; on Nov 17, 1997
 
</step></directions></recipe></recipeml>
