<?xml version="1.0" encoding="UTF-8"?>

<recipeml version="0.5">
  <recipe>
    <head>
      <title>Banana Oatmeal Muffins</title>
      <categories>
        <cat>Breads</cat>
        <cat>Breakfast</cat>
        <cat>Fruits</cat></categories>
      <yield>12</yield></head>
    <ingredients>
      <ing>
        <amt>
          <qty>1/4</qty>
          <unit>cups</unit></amt>
        <item>Butter or margarine softened</item></ing>
      <ing>
        <amt>
          <qty>3/4</qty>
          <unit>cups</unit></amt>
        <item>Brown suger packed</item></ing>
      <ing>
        <amt>
          <qty>1</qty>
          <unit/></amt>
        <item>Egg beaten</item></ing>
      <ing>
        <amt>
          <qty>1</qty>
          <unit>cup</unit></amt>
        <item>Buttermilk</item></ing>
      <ing>
        <amt>
          <qty>1</qty>
          <unit>cup</unit></amt>
        <item>Rolled oats</item></ing>
      <ing>
        <amt>
          <qty>1</qty>
          <unit>cup</unit></amt>
        <item>All-purpose flour</item></ing>
      <ing>
        <amt>
          <qty>1</qty>
          <unit>tablespoon</unit></amt>
        <item>Baking powder</item></ing>
      <ing>
        <amt>
          <qty>1/2</qty>
          <unit>teaspoons</unit></amt>
        <item>Salt</item></ing>
      <ing>
        <amt>
          <qty>1/2</qty>
          <unit>teaspoons</unit></amt>
        <item>Allspice</item></ing>
      <ing>
        <amt>
          <qty>2</qty>
          <unit>medium</unit></amt>
        <item>Bananas chopped</item></ing></ingredients>
    <directions>
      <step>  1.  Cream together butter and brown suger.  Mix in egg and buttermilk. 2.
  Mix together oats, flour, baking powder, salt and allspice.
      Add to creamed mixture. 3. Stir in Bananas. 4. Spoon into greased or
  paper lined muffin pan, filling almost full. 5. Bake at 400 to 425 degrees
  for 20 to 25 minutes until golden brown. Per Serving Calories 162 Protein
  3.5g Fat 5.1g Carbohydrates 26.4g Sodium 242mg Tips: For variation, add 1
  cup chopped fresh peaches in place of the
         bananas.  Or use 1 can chopped mixed fruit.
  
  From Gemini's MASSIVE MealMaster collection at www.synapse.com/~gemini
 
</step></directions></recipe></recipeml>
