<?xml version="1.0" encoding="UTF-8"?>

<recipeml version="0.5">
  <recipe>
    <head>
      <title>Banana Pudding Supreme</title>
      <categories>
        <cat>Dessert</cat></categories>
      <yield>8</yield></head>
    <ingredients>
      <ing>
        <amt>
          <qty>1</qty>
          <unit>package</unit></amt>
        <item>(8-oz) cream cheese; softened</item></ing>
      <ing>
        <amt>
          <qty>1</qty>
          <unit>can</unit></amt>
        <item>(14-oz) Eagle Brand sweetened condenced milk</item></ing>
      <ing>
        <amt>
          <qty>2</qty>
          <unit>cups</unit></amt>
        <item>Milk</item></ing>
      <ing>
        <amt>
          <qty>1</qty>
          <unit>package</unit></amt>
        <item>(6-oz) instant vanilla pudding</item></ing>
      <ing>
        <amt>
          <qty>1</qty>
          <unit>container</unit></amt>
        <item>(8-oz) non-dairy whipped topping</item></ing>
      <ing>
        <amt>
          <qty>1</qty>
          <unit/></amt>
        <item>Box vanilla wafers</item></ing>
      <ing>
        <amt>
          <qty>6</qty>
          <unit>large</unit></amt>
        <item>Bananas</item></ing></ingredients>
    <directions>
      <step>  Date: Mon, 1 Apr 96 8:33:53 EST
  
  submitted by: 102735.17@compuserve.com
  
  In a large mixing bowl, beat cream cheese until smooth. Stir in sweetened
  condensed milk, milk and pudding mix. Mix until well blended. Fold in half
  of the non-dairy whipped topping. In a large bowl, layer bananas, wafers
  and pudding mixture. Top with remaining whipped topping and crushed wafers
  (opt.). Chill.
  
  DAVE &lt;DAVIDG@CLAM.RUTGERS.EDU&gt;
  
  RECIPEINTERNET LIST SERVER
  
  RECIPE ARCHIVE - 1 APRIL 1996
  
  From the 'RECIPEinternet: Recipes from Around the World' recipe list.
  Downloaded from Glen's MM Recipe Archive, http://www.erols.com/hosey.
 
</step></directions></recipe></recipeml>
