<?xml version="1.0" encoding="UTF-8"?>

<recipeml version="0.5">
  <recipe>
    <head>
      <title>Banana Oatmeal Bread</title>
      <categories>
        <cat>Bread machi</cat>
        <cat>Bread maili</cat></categories>
      <yield>1</yield></head>
    <ingredients>
      <ing>
        <amt>
          <qty>1/4</qty>
          <unit>cups</unit></amt>
        <item>Water</item></ing>
      <ing>
        <amt>
          <qty>1</qty>
          <unit>large</unit></amt>
        <item>Egg</item></ing>
      <ing>
        <amt>
          <qty>2</qty>
          <unit>tablespoons</unit></amt>
        <item>Vegetable oil</item></ing>
      <ing>
        <amt>
          <qty>1</qty>
          <unit>cup</unit></amt>
        <item>Banana; ripe; mashed</item></ing>
      <ing>
        <amt>
          <qty>3</qty>
          <unit>tablespoons</unit></amt>
        <item>Brown sugar</item></ing>
      <ing>
        <amt>
          <qty>1 1/2</qty>
          <unit>teaspoons</unit></amt>
        <item>Salt</item></ing>
      <ing>
        <amt>
          <qty>4</qty>
          <unit>tablespoons</unit></amt>
        <item>Dried buttermilk</item></ing>
      <ing>
        <amt>
          <qty>1</qty>
          <unit>cup</unit></amt>
        <item>Quick-cooking oats</item></ing>
      <ing>
        <amt>
          <qty>2 1/2</qty>
          <unit>cups</unit></amt>
        <item>Flour; unbleached</item></ing>
      <ing>
        <amt>
          <qty>1/3</qty>
          <unit>cups</unit></amt>
        <item>Steel-cut oats; soaked in:</item></ing>
      <ing>
        <amt>
          <qty>1/3</qty>
          <unit>cups</unit></amt>
        <item>Boiling water; until room temp.</item></ing>
      <ing>
        <amt>
          <qty>1</qty>
          <unit>tablespoon</unit></amt>
        <item>Active yeast</item></ing></ingredients>
    <directions>
      <step>  Place all the ingredients in the machine, program for Bread, Basic Bread,
  Basic Wheat, Basic, White, White/Whold Grain, or Whte Bread, and press
  Start or On.
  
  I've added all different kinds of dried fruit (apricots, dried cherries,
  raisin s) to this and that comes out great.  Add 1/2 cup of chopped fruit
  whenever you normally add raisins (if you have a raisin bread cycle then at
  the beep. That's my only complaint with the Panasonic--I think I did it
  last time around 2:40 left in the whole wheat cycle, and it came out ok,
  for those of you that also have the Panasonic).
  
  &gt;From: Joel.Ehrlich@salata.com (Joel Ehrlich)
  From: Bread-Bakers Archives: ftp.best.com/pub/reggie/archives/bread/recipe
  
  Recipe By     : Bread Machine Baking-Perfect Every Time,Brody &amp; Apter p246
 
</step></directions></recipe></recipeml>
