<?xml version="1.0" encoding="UTF-8"?>

<recipeml version="0.5">
  <recipe>
    <head>
      <title>Banana Oat Bars</title>
      <categories>
        <cat>Desserts</cat>
        <cat>Breakfast</cat>
        <cat>Biscuits</cat></categories>
      <yield>24</yield></head>
    <ingredients>
      <ing>
        <amt>
          <qty>1 1/3</qty>
          <unit>cups</unit></amt>
        <item>All-purpose flour</item></ing>
      <ing>
        <amt>
          <qty>1</qty>
          <unit>cup</unit></amt>
        <item>Quick-cooking rolled oats</item></ing>
      <ing>
        <amt>
          <qty>1/2</qty>
          <unit>cups</unit></amt>
        <item>Sugar</item></ing>
      <ing>
        <amt>
          <qty>2</qty>
          <unit>teaspoons</unit></amt>
        <item>Baking powder</item></ing>
      <ing>
        <amt>
          <qty>1</qty>
          <unit>teaspoon</unit></amt>
        <item>Ground cinnamon</item></ing>
      <ing>
        <amt>
          <qty>1/2</qty>
          <unit>teaspoons</unit></amt>
        <item>Baking soda</item></ing>
      <ing>
        <amt>
          <qty>1/2</qty>
          <unit>cups</unit></amt>
        <item>Raisins</item></ing>
      <ing>
        <amt>
          <qty>1</qty>
          <unit>cup</unit></amt>
        <item>Mashed ripe bananas (about 2 med; 3/4 lb total)</item></ing>
      <ing>
        <amt>
          <qty>1/4</qty>
          <unit>cups</unit></amt>
        <item>Nonfat milk</item></ing>
      <ing>
        <amt>
          <qty>2</qty>
          <unit>large</unit></amt>
        <item>Egg whites</item></ing>
      <ing>
        <amt>
          <qty>1</qty>
          <unit>teaspoon</unit></amt>
        <item>Vanilla</item></ing></ingredients>
    <directions>
      <step>  In large bowl, stir together flour, oats, sugar, baking powder, cinnamon,
  soda, and raisins. Add bananas, milk, egg whites, and vanilla; beat until
  lightly mixed.
  
  Spread batter in a nonstick (or lightly oiled regular) 9x13" pan.
  
  Bake in a 350'F. oven until cake is golden brown, just begins to pull from
  pan sides, and springs back when lightly touched in center, 35-40 minutes.
  Serve warm or cool, cut into about 2" squares. Store as directed.
  
  Per piece: 75 calories; 1.8 grams protein; 0.3 grams fat; (0.1 grams
  saturated fat); 17 grams carbohydrates; 59 milligrams sodium; 0.1
  milligrams cholesterol.
  
  From Gemini's MASSIVE MealMaster collection at www.synapse.com/~gemini
 
</step></directions></recipe></recipeml>
