<?xml version="1.0" encoding="UTF-8"?>

<recipeml version="0.5">
  <recipe>
    <head>
      <title>Banana Oreo Pudding</title>
      <categories>
        <cat>Puddings</cat></categories>
      <yield>1</yield></head>
    <ingredients>
      <ing>
        <amt>
          <qty>2</qty>
          <unit>cups</unit></amt>
        <item>Sugar</item></ing>
      <ing>
        <amt>
          <qty>2/3</qty>
          <unit>cups</unit></amt>
        <item>Flour</item></ing>
      <ing>
        <amt>
          <qty>1/4</qty>
          <unit>teaspoons</unit></amt>
        <item>Salt</item></ing>
      <ing>
        <amt>
          <qty>1</qty>
          <unit/></amt>
        <item>Dozen egg yolks</item></ing>
      <ing>
        <amt>
          <qty>1 1/2</qty>
          <unit>teaspoons</unit></amt>
        <item>Vanilla</item></ing>
      <ing>
        <amt>
          <qty>4</qty>
          <unit>cups</unit></amt>
        <item>Milk</item></ing>
      <ing>
        <amt>
          <qty>1 1/2</qty>
          <unit/></amt>
        <item>Bags of Oreo cookies, crush</item></ing>
      <ing>
        <amt>
          <qty/>
          <unit/></amt>
        <item>Half of them, 20 oz. size</item></ing>
      <ing>
        <amt>
          <qty>10</qty>
          <unit/></amt>
        <item>Bananas, sliced</item></ing>
      <ing>
        <amt>
          <qty/>
          <unit/></amt>
        <item>Meringue</item></ing>
      <ing>
        <amt>
          <qty/>
          <unit/></amt>
        <item>Dozen egg whites</item></ing>
      <ing>
        <amt>
          <qty>1</qty>
          <unit>teaspoon</unit></amt>
        <item>Vanille</item></ing>
      <ing>
        <amt>
          <qty>1/2</qty>
          <unit>cups</unit></amt>
        <item>Sugar</item></ing></ingredients>
    <directions>
      <step>  Preheat oven to 4540 degrees.  Combine sugar, flour, salt, yolks and milk;
  cook in double boiler until thick.  Remove from heat and add vanilla. In a
  2 or 3 quart dish, layer crushed Oreo cookies, bananas and custard, making
  several layers.  Line sides of dish with whole cookies, layer with
  remaining ingredients. Meringue: Beat whites until peaks form. Add vanilla
  and sugar. Spread on pudding; bake until browned. Randy Rigg
  Posted to MM-Recipes Digest  by scotlyn@juno.com (Daniel S Johnson) on Mar
  11, 1998
 
</step></directions></recipe></recipeml>
