<?xml version="1.0" encoding="UTF-8"?>

<recipeml version="0.5">
  <recipe>
    <head>
      <title>Banana Rum Ice Cream</title>
      <categories>
        <cat>Desserts</cat></categories>
      <yield>12</yield></head>
    <ingredients>
      <ing>
        <amt>
          <qty>1 1/2</qty>
          <unit>cups</unit></amt>
        <item>Whipping cream</item></ing>
      <ing>
        <amt>
          <qty>1 1/2</qty>
          <unit>cups</unit></amt>
        <item>Half and half</item></ing>
      <ing>
        <amt>
          <qty>6</qty>
          <unit>large</unit></amt>
        <item>Egg yolks</item></ing>
      <ing>
        <amt>
          <qty>2/3</qty>
          <unit>cups</unit></amt>
        <item>Sugar</item></ing>
      <ing>
        <amt>
          <qty>3</qty>
          <unit>tablespoons</unit></amt>
        <item>Dark rum</item></ing>
      <ing>
        <amt>
          <qty>1/2</qty>
          <unit>teaspoons</unit></amt>
        <item>Vanilla extract</item></ing>
      <ing>
        <amt>
          <qty>1</qty>
          <unit>pound</unit></amt>
        <item>Ripe bananas; (about 3 med), peeled</item></ing>
      <ing>
        <amt>
          <qty>2</qty>
          <unit>tablespoons</unit></amt>
        <item>Fresh lemon juice</item></ing></ingredients>
    <directions>
      <step>  Pour cream and half and half into heavy medium saucepan. Bring mixture just
  to simmer. Whisk yolks and sugar in large bowl to blend. Gradually whisk in
  hot cream mixture. Return mixture to same saucepan and stir over medium-low
  heat until mixture thickens and leaves path on back of spoon when finger is
  drawn across, about 7 minutes (do not boil). Strain custard into clean
  large bowl. Stir in rum and vanilla. Refrigerate until cold, about 2 hours.
  Puree bananas and lemon juice in processor until smooth. Stir into custard.
  Process in ice cream maker according to the manufacturer's instructions.
  Transfer to covered container and freeze. (Can be prepared 3 days ahead.)
  Makes about 2 quarts.
  
  Source:  Bon Appetit (11/95)
  Posted to MM-Recipes Digest  by "Robert Ellis" &lt;rpearson@snowcrest.net&gt; on
  Apr 6, 1998
 
</step></directions></recipe></recipeml>
