<?xml version="1.0" encoding="UTF-8"?>

<recipeml version="0.5">
  <recipe>
    <head>
      <title>Banana Oatmeal Bread</title>
      <categories>
        <cat>Bread machi</cat>
        <cat>Breads</cat></categories>
      <yield>10</yield></head>
    <ingredients>
      <ing>
        <amt>
          <qty/>
          <unit/></amt>
        <item>Small Loaf:; (Large Loaf):</item></ing>
      <ing>
        <amt>
          <qty>1/3</qty>
          <unit>cups</unit></amt>
        <item>Water; (2/3 C)</item></ing>
      <ing>
        <amt>
          <qty>1/2</qty>
          <unit>cups</unit></amt>
        <item>Mashed Bananas; (1 1/2 C)</item></ing>
      <ing>
        <amt>
          <qty>1 1/4</qty>
          <unit>tablespoons</unit></amt>
        <item>Vegetable Oil; (2 1/2 T)</item></ing>
      <ing>
        <amt>
          <qty>2</qty>
          <unit>teaspoons</unit></amt>
        <item>Sugar; (1 1/3 T)</item></ing>
      <ing>
        <amt>
          <qty>2/3</qty>
          <unit>teaspoons</unit></amt>
        <item>Salt; (1 1/3 T)</item></ing>
      <ing>
        <amt>
          <qty>2/3</qty>
          <unit>cups</unit></amt>
        <item>Oats; (1 1/3 C)</item></ing>
      <ing>
        <amt>
          <qty>1 1/3</qty>
          <unit>cups</unit></amt>
        <item>Bread Flour; (2 2/3 C)</item></ing>
      <ing>
        <amt>
          <qty>1</qty>
          <unit>teaspoon</unit></amt>
        <item>Yeast; (2 1/2 T)</item></ing></ingredients>
    <directions>
      <step>  Banana Oatmeal (another great breakfast one)
  
  Medium Loaf:
      1/2 c  water
        1 c  mashed banana
        2 T  vegetable oil
        1 T  sugar 1 tsp salt
        1 c  oats
        2 c  bread flour
    1 1/2    tsp yeast
  
  &gt;From: kla@karen.webo.dg.com (Karen Plaskon)
  From: Bread-Bakers Archives: ftp.best.com/pub/reggie/archives/bread/recipe
  
  Recipe By     : Bread Machine Cookbook,  Donna Rathmell German
 
</step></directions></recipe></recipeml>
