<?xml version="1.0" encoding="UTF-8"?>

<recipeml version="0.5">
  <recipe>
    <head>
      <title>Banana Pudding Splits</title>
      <categories>
        <cat>Diabetic</cat>
        <cat>Desserts</cat>
        <cat>Fruits</cat></categories>
      <yield>4</yield></head>
    <ingredients>
      <ing>
        <amt>
          <qty>1</qty>
          <unit>cup</unit></amt>
        <item>Plain low-fat yogurt</item></ing>
      <ing>
        <amt>
          <qty>1</qty>
          <unit>package</unit></amt>
        <item>Choc. pudding mix,low-fat(4)</item></ing>
      <ing>
        <amt>
          <qty>2</qty>
          <unit/></amt>
        <item>Medium bananas, peeled</item></ing>
      <ing>
        <amt>
          <qty>1/2</qty>
          <unit>teaspoons</unit></amt>
        <item>Lemon juice</item></ing>
      <ing>
        <amt>
          <qty>1/2</qty>
          <unit>ounces</unit></amt>
        <item>Pistachios,coarsely chopped</item></ing>
      <ing>
        <amt>
          <qty>1/4</qty>
          <unit>cups</unit></amt>
        <item>Thawed dairy whipped topping</item></ing>
      <ing>
        <amt>
          <qty>4</qty>
          <unit/></amt>
        <item>Bing cherries, fresh*</item></ing></ingredients>
    <directions>
      <step>   * If bing cherries are not available, use 4 marachio cherries. 1.In
  blender,process yogurt on high speed for 30 seconds, add pudding mix and
  process 1 minute, scraping down sides of container as necessary. 2.Cut each
  banana into 6 diagonal slices and sprinkle with lemon juice. 3.Arrange 2
  banana quarters into each of 4 goblets or dessert dishes, top with 1/4
  pudding mixture. Sprinkle each portion with 1/4 of the pishachios, then top
  each with 1 tablespoon whipped topping and 1 cherry. from *Prodigy's Food
  and Wine-Healthy Eating Bulletin Board, from Bridget Benjamin - PHFC09A.
    Posted to MM-Recipes Digest V3 #260
  
    Date: Sun, 22 Sep 1996 22:08:56 -0400
  
    From: BobbieB1@aol.com
 
</step></directions></recipe></recipeml>
