<?xml version="1.0" encoding="UTF-8"?>

<recipeml version="0.5">
  <recipe>
    <head>
      <title>Banana Pineapple Loaf</title>
      <categories>
        <cat>None</cat></categories>
      <yield>1</yield></head>
    <ingredients>
      <ing>
        <amt>
          <qty>1</qty>
          <unit>cup</unit></amt>
        <item>Butter</item></ing>
      <ing>
        <amt>
          <qty>2</qty>
          <unit>cups</unit></amt>
        <item>Sugar</item></ing>
      <ing>
        <amt>
          <qty>4</qty>
          <unit/></amt>
        <item>Eggs</item></ing>
      <ing>
        <amt>
          <qty>1</qty>
          <unit>cup</unit></amt>
        <item>Banana (mashed)</item></ing>
      <ing>
        <amt>
          <qty>4</qty>
          <unit>cups</unit></amt>
        <item>Flour (shifted)</item></ing>
      <ing>
        <amt>
          <qty>2</qty>
          <unit>teaspoons</unit></amt>
        <item>Baking powder</item></ing>
      <ing>
        <amt>
          <qty>1</qty>
          <unit>teaspoon</unit></amt>
        <item>Baking soda</item></ing>
      <ing>
        <amt>
          <qty>3/4</qty>
          <unit>teaspoons</unit></amt>
        <item>Salt</item></ing>
      <ing>
        <amt>
          <qty>1</qty>
          <unit>can</unit></amt>
        <item>Pineapple (15.5 oz) crushed undrained</item></ing>
      <ing>
        <amt>
          <qty>1</qty>
          <unit>cup</unit></amt>
        <item>Coconut, optional</item></ing>
      <ing>
        <amt>
          <qty>1</qty>
          <unit>cup</unit></amt>
        <item>Pecans, chopped, optional</item></ing></ingredients>
    <directions>
      <step>  Cream butter and sugar until light and fluffy. Add eggs and mix well. STir
  in bananas. Sift together flour, baking powder, soda, and salt, and add to
  butter mixture. Fold in pineapple, andoptional ingredients. Pour into
  greased and floured loaf pans to just over half full. Bake at 350 degrees
  for 1 hour and 10 minutes or until done.
  
  ***note: I use a 20 oz can of pineapple, I like the extra moisture. Also I
  like to add chopped cranberries, it adds a wonderful zing.
  
  Posted to EAT-L Digest 15 Sep 96
  
  From:    LHartwel@ADMIN.NMT.EDU
  
  Date:    Mon, 16 Sep 1996 13:09:00 EDT
 
</step></directions></recipe></recipeml>
