<?xml version="1.0" encoding="UTF-8"?>

<recipeml version="0.5">
  <recipe>
    <head>
      <title>Banana Pudding #2</title>
      <categories>
        <cat>Dessert</cat></categories>
      <yield>8</yield></head>
    <ingredients>
      <ing>
        <amt>
          <qty>2</qty>
          <unit/></amt>
        <item>Boxes (3-oz) vanilla instant pudding mix</item></ing>
      <ing>
        <amt>
          <qty>1</qty>
          <unit>can</unit></amt>
        <item>Sweetened condensed milk</item></ing>
      <ing>
        <amt>
          <qty>1</qty>
          <unit>container</unit></amt>
        <item>(8-oz) whipped topping</item></ing>
      <ing>
        <amt>
          <qty>5</qty>
          <unit/></amt>
        <item>Or</item></ing>
      <ing>
        <amt>
          <qty>6</qty>
          <unit/></amt>
        <item>Bananas</item></ing>
      <ing>
        <amt>
          <qty/>
          <unit/></amt>
        <item>Vanilla wafers</item></ing></ingredients>
    <directions>
      <step>  Prepare pudding as directed on box, except use 1/2 cup less milk for a
  thicker pudding. Stir in sweetened condensed milk &amp; whipped topping. Line
  large bowl with vanilla wafers. Slice bananas over top of wafers. Pour
  pudding mixture over all. Repeat layers of wafers, bananas &amp; pudding. Chill
  until set.
  
  MRS. T.J. BARNES
  
  From &lt;Simply Southern&gt;, the Desoto School Mothers' Assn, Helena-West
  Helena, AR 72390.  Downloaded from Glen's MM Recipe Archive,
  http://www.erols.com/hosey.
 
</step></directions></recipe></recipeml>
