<?xml version="1.0" encoding="UTF-8"?>

<recipeml version="0.5">
  <recipe>
    <head>
      <title>Banana Sour Cream Waffles</title>
      <categories>
        <cat>Cheese/eggs</cat>
        <cat>Cakes</cat>
        <cat>Breakfast</cat></categories>
      <yield>4</yield></head>
    <ingredients>
      <ing>
        <amt>
          <qty>1</qty>
          <unit>cup</unit></amt>
        <item>Flour</item></ing>
      <ing>
        <amt>
          <qty>1/2</qty>
          <unit>tablespoons</unit></amt>
        <item>Sugar</item></ing>
      <ing>
        <amt>
          <qty>1</qty>
          <unit>teaspoon</unit></amt>
        <item>Baking powder</item></ing>
      <ing>
        <amt>
          <qty>1/4</qty>
          <unit>teaspoons</unit></amt>
        <item>Soda</item></ing>
      <ing>
        <amt>
          <qty>1/4</qty>
          <unit>teaspoons</unit></amt>
        <item>Salt</item></ing>
      <ing>
        <amt>
          <qty>1</qty>
          <unit/></amt>
        <item>Egg, separated</item></ing>
      <ing>
        <amt>
          <qty>1</qty>
          <unit>cup</unit></amt>
        <item>Sour cream</item></ing>
      <ing>
        <amt>
          <qty>1/4</qty>
          <unit>cups</unit></amt>
        <item>Milk</item></ing>
      <ing>
        <amt>
          <qty>1/4</qty>
          <unit>cups</unit></amt>
        <item>Butter, melted</item></ing>
      <ing>
        <amt>
          <qty>1</qty>
          <unit/></amt>
        <item>Banana, mashed</item></ing></ingredients>
    <directions>
      <step>  Sift together dry ingredients.  Set aside.  Mix together beaten egg yolk,
  sour cream, milk, butter and banana. Add to flour mixture, mixing well.
  Fold in whipped egg white, and pour into oiled waffle iron or oiled pan.
  Cook each side until brown.
  
  Posted to MM-Recipes Digest V4 #131 by Tonya &lt;imbri@earthlink.net&gt; on May
  11, 1997
 
</step></directions></recipe></recipeml>
