<?xml version="1.0" encoding="UTF-8"?>

<recipeml version="0.5">
  <recipe>
    <head>
      <title>Banana Salad</title>
      <categories>
        <cat>Salads</cat></categories>
      <yield>10</yield></head>
    <ingredients>
      <ing>
        <amt>
          <qty>10</qty>
          <unit/></amt>
        <item>Bananas</item></ing>
      <ing>
        <amt>
          <qty>1/2</qty>
          <unit>cups</unit></amt>
        <item>Peanuts (ground)</item></ing>
      <ing>
        <amt>
          <qty>1</qty>
          <unit>tablespoon</unit></amt>
        <item>Vinegar</item></ing>
      <ing>
        <amt>
          <qty>2</qty>
          <unit>tablespoons</unit></amt>
        <item>Water</item></ing>
      <ing>
        <amt>
          <qty>1</qty>
          <unit/></amt>
        <item>Egg, well beaten</item></ing>
      <ing>
        <amt>
          <qty>2/3</qty>
          <unit>cups</unit></amt>
        <item>Sugar</item></ing>
      <ing>
        <amt>
          <qty/>
          <unit>teaspoons</unit></amt>
        <item>Butter/margarine</item></ing></ingredients>
    <directions>
      <step>  Contributed to the echo by: Bob Henderson Banana Salad In top of a double
  boiler, combine the vinegar, water, butter, egg, and sugar, then heat over
  Medium heat until thickened. Stir often or it will stick... When cooled,
  pour over sliced banana's and top with the ground peanuts.
  
  Note: This syrup will keep well in the refrigerator for a week or more, so
  that you can use 2 or 3 bananas as needed by your family and reserve the
  syrup or sauce for another day.
  
  From Gemini's MASSIVE MealMaster collection at www.synapse.com/~gemini
 
</step></directions></recipe></recipeml>
