<?xml version="1.0" encoding="UTF-8"?>

<recipeml version="0.5">
  <recipe>
    <head>
      <title>Banana Oatmeal Cookies</title>
      <categories>
        <cat>None</cat></categories>
      <yield>1</yield></head>
    <ingredients>
      <ing>
        <amt>
          <qty>1 1/2</qty>
          <unit>cups</unit></amt>
        <item>Sifted flour</item></ing>
      <ing>
        <amt>
          <qty>1</qty>
          <unit>teaspoon</unit></amt>
        <item>Baking powder</item></ing>
      <ing>
        <amt>
          <qty>1/4</qty>
          <unit>teaspoons</unit></amt>
        <item>Baking soda</item></ing>
      <ing>
        <amt>
          <qty>1</qty>
          <unit>teaspoon</unit></amt>
        <item>Salt</item></ing>
      <ing>
        <amt>
          <qty>1</qty>
          <unit>teaspoon</unit></amt>
        <item>Cinnamon</item></ing>
      <ing>
        <amt>
          <qty>1/4</qty>
          <unit>teaspoons</unit></amt>
        <item>Nutmeg</item></ing>
      <ing>
        <amt>
          <qty>2/3</qty>
          <unit>cups</unit></amt>
        <item>Soft shortening</item></ing>
      <ing>
        <amt>
          <qty>1</qty>
          <unit>cup</unit></amt>
        <item>Sugar</item></ing>
      <ing>
        <amt>
          <qty>2</qty>
          <unit/></amt>
        <item>Eggs</item></ing>
      <ing>
        <amt>
          <qty>1</qty>
          <unit>cup</unit></amt>
        <item>Mashed bananas; (2 or 3 ripe bananas)</item></ing>
      <ing>
        <amt>
          <qty>1 1/2</qty>
          <unit>cups</unit></amt>
        <item>Rolled oats</item></ing></ingredients>
    <directions>
      <step>  1. Sift together flour, baking powder, soda, salt, spices and sugar into a
  bowl.
  
  2. Add shortening, eggs and and half the bananas.
  
  3. Beat until creamy, about 2 minutes.
  
  4. Fold in remaining bananas and rolled oats.
  
  5. Drop from a teaspoon onto greased cookie sheet.
  
  6. Bake in a moderate oven (375 (F.) 12 to 15 minutes.
  
  7. Makes about 4 dozen.
  
  Posted to Bakery-Shoppe Digest V1 #443 by S J F Brocaar &lt;acesjfb@shore.net&gt;
  on Dec 07, 1997
 
</step></directions></recipe></recipeml>
