<?xml version="1.0" encoding="UTF-8"?>

<recipeml version="0.5">
  <recipe>
    <head>
      <title>Banana Pancakes</title>
      <categories>
        <cat>Pancakes</cat></categories>
      <yield>40 4</yield></head>
    <ingredients>
      <ing>
        <amt>
          <qty>2</qty>
          <unit>cups</unit></amt>
        <item>Flour</item></ing>
      <ing>
        <amt>
          <qty>2</qty>
          <unit>teaspoons</unit></amt>
        <item>Sugar</item></ing>
      <ing>
        <amt>
          <qty>1</qty>
          <unit>tablespoon</unit></amt>
        <item>Baking powder</item></ing>
      <ing>
        <amt>
          <qty>1/2</qty>
          <unit>teaspoons</unit></amt>
        <item>Salt</item></ing>
      <ing>
        <amt>
          <qty>2</qty>
          <unit>large</unit></amt>
        <item>Eggs</item></ing>
      <ing>
        <amt>
          <qty>2</qty>
          <unit>tablespoons</unit></amt>
        <item>Butter; melted</item></ing>
      <ing>
        <amt>
          <qty>1 3/4</qty>
          <unit>cups</unit></amt>
        <item>Milk</item></ing>
      <ing>
        <amt>
          <qty>2</qty>
          <unit/></amt>
        <item>Bananas; sliced and quartered</item></ing></ingredients>
    <directions>
      <step>  1.  In large bowl, mix 4 dry ingredients and make well in centre.
  
  2.  In separate bowl, beat eggs, then mix in butter and milk.  Pour into
  flour mixture and stir to moisten (don't worry about lumps).  Add more milk
  or flour to make thinner or thicker pancakes.  Fold in banana.
  
  3.  Drop by tbsp on oiled 380F (190C) pan, hot enough that water droplets
  bounce.
  
  Bananas will turn brown as pancakes cool, but will not affect taste.  Do
  not freze.
  
  My notes:  These are wonderful and the banana taste comes through well.  Do
  not make too large or overcook.
  
  Contributor:  "Company's Coming for Christmas"  Jean Pare
  
  Posted to recipelu-digest Volume 01 Number 565 by Cathleen
  &lt;catht@interlog.com&gt; on Jan 20, 1998
 
</step></directions></recipe></recipeml>
