<?xml version="1.0" encoding="UTF-8"?>

<recipeml version="0.5">
  <recipe>
    <head>
      <title>Banana Snack Muffins</title>
      <categories>
        <cat>Muffins</cat></categories>
      <yield>12</yield></head>
    <ingredients>
      <ing-div>
        <title/>
        <ing>
          <amt>
            <qty>3/4</qty>
            <unit>cups</unit></amt>
          <item>All purpose flour</item></ing>
        <ing>
          <amt>
            <qty>1/2</qty>
            <unit>cups</unit></amt>
          <item>Whole wheat flour</item></ing>
        <ing>
          <amt>
            <qty>1 1/2</qty>
            <unit>teaspoons</unit></amt>
          <item>Baking powder</item></ing>
        <ing>
          <amt>
            <qty>1/4</qty>
            <unit>teaspoons</unit></amt>
          <item>Salt</item></ing>
        <ing>
          <amt>
            <qty>1/2</qty>
            <unit>cups</unit></amt>
          <item>Sugar</item></ing>
        <ing>
          <amt>
            <qty>3</qty>
            <unit>tablespoons</unit></amt>
          <item>Margarine or butter; softened</item></ing>
        <ing>
          <amt>
            <qty>3/4</qty>
            <unit>cups</unit></amt>
          <item>Banana; (about 1 large)</item></ing>
        <ing>
          <amt>
            <qty>1</qty>
            <unit/></amt>
          <item>Container; (8 oz) low-fat vanilla yogurt</item></ing>
        <ing>
          <amt>
            <qty>2</qty>
            <unit/></amt>
          <item>Egg whites</item></ing></ing-div>
      <ing-div>
        <title>TOPPING</title>
        <ing>
          <amt>
            <qty>1</qty>
            <unit>tablespoon</unit></amt>
          <item>Sugar</item></ing>
        <ing>
          <amt>
            <qty>2</qty>
            <unit>teaspoons</unit></amt>
          <item>Finely chopped walnuts</item></ing>
        <ing>
          <amt>
            <qty>1/4</qty>
            <unit>teaspoons</unit></amt>
          <item>Nutmeg</item></ing></ing-div></ingredients>
    <directions>
      <step>  1. Heat oven to 375. Spray bottoms only of 12 muffin cups with nonstick
  cooking spray.
  
  2. Lightly spoon flour into measuring cup; level off. In large bowl,
  combine all purpose flour, whole wheat flour, baking powder and salt; mix
  well.
  
  3. In medium bowl, combine 1/2 cup sugar and margarine; beat at low speed
  until well blended. Add banana, yogurt and egg whites; beat well. Add to
  flour mixture. With spoon, stir just until dry ingredients are moistened.
  Spoon batter evenly into sprayed muffin cups.
  
  4. In small bowl, combine all topping ingredients; mix well. Sprinkle
  evenly over batter in pan.
  
  5. Bake at 375 for 20 to 25 minutes or until toothpick inserted in center
  comes out clean. Immediately remove from pan. Cool slightly. Serve warm.
  
       12    muffins.
  
  per muffin: calories 150; calories from fat 35; total fat 4g; saturated 1g;
  cholesterol 0mg; sodium 160mg; total carbohydrate 26g; dietary fiber 1g;
  sugars 14g; protein 3g
  
  Recipe by: Pillsbury Fast &amp; Healthy Magazine
  
  Posted to MC-Recipe Digest by Susan &lt;camyfan@abac.com&gt; on Apr 24, 1998
 
</step></directions></recipe></recipeml>
