<?xml version="1.0" encoding="UTF-8"?>

<recipeml version="0.5">
  <recipe>
    <head>
      <title>Banana Rice Pudding</title>
      <categories>
        <cat>Digest</cat>
        <cat>Jan.</cat>
        <cat>Fatfree</cat></categories>
      <yield>4</yield></head>
    <ingredients>
      <ing>
        <amt>
          <qty>3</qty>
          <unit>cups</unit></amt>
        <item>Rice milk or nonfat milk</item></ing>
      <ing>
        <amt>
          <qty>1</qty>
          <unit>cup</unit></amt>
        <item>Short grain rice (arborio,</item></ing>
      <ing>
        <amt>
          <qty/>
          <unit/></amt>
        <item>Sweet, etc)</item></ing>
      <ing>
        <amt>
          <qty>3</qty>
          <unit/></amt>
        <item>Bananas, mashed (I assume</item></ing>
      <ing>
        <amt>
          <qty/>
          <unit/></amt>
        <item>They meant to say "very ripe</item></ing>
      <ing>
        <amt>
          <qty/>
          <unit/></amt>
        <item>Bananas")</item></ing>
      <ing>
        <amt>
          <qty>1/2</qty>
          <unit>teaspoons</unit></amt>
        <item>Nutmeg</item></ing></ingredients>
    <directions>
      <step>  Preheat over to 350F.  Mix all together well and pour into a 1 1/2 qt
  casserole.  Bake for 1 to 1 1/2 hours, stirring occasionally, until rice is
  tender.  Makes 4 cups.
  
  Posted by Lucinda J. Rasmussen &lt;lrasmuss@pica.army.mil&gt; to the Fatfree
  Digest [Volume 14 Issue 20]
  :From  Veggie Life:
  
  Individual recipes copyrighted by originator. FATFREE Recipe collections
  copyrighted by Michelle Dick 1995. Formatted by Sue Smith,
  SueSmith9@aol.com using MMCONV. Archived through kindness of Karen
  Mintzias, km@salata.com.
  
  1.80á
  
  File ftp://ftp.idiscover.co.uk/pub/food/mealmaster/recipes/fatfreex.zip
 
</step></directions></recipe></recipeml>
