<?xml version="1.0" encoding="UTF-8"?>

<recipeml version="0.5">
  <recipe>
    <head>
      <title>Banana Pudding #4</title>
      <categories>
        <cat>Dessert</cat></categories>
      <yield>6</yield></head>
    <ingredients>
      <ing>
        <amt>
          <qty>2/3</qty>
          <unit>cups</unit></amt>
        <item>Sugar</item></ing>
      <ing>
        <amt>
          <qty>1/3</qty>
          <unit>cups</unit></amt>
        <item>Cornstarch</item></ing>
      <ing>
        <amt>
          <qty>3</qty>
          <unit>cups</unit></amt>
        <item>Milk</item></ing>
      <ing>
        <amt>
          <qty>1/2</qty>
          <unit>teaspoons</unit></amt>
        <item>Salt</item></ing>
      <ing>
        <amt>
          <qty>2</qty>
          <unit/></amt>
        <item>Eggs</item></ing>
      <ing>
        <amt>
          <qty>3</qty>
          <unit>tablespoons</unit></amt>
        <item>Butter</item></ing>
      <ing>
        <amt>
          <qty>2</qty>
          <unit>tablespoons</unit></amt>
        <item>Vanilla</item></ing>
      <ing>
        <amt>
          <qty>2</qty>
          <unit>cups</unit></amt>
        <item>Vanilla Wafers</item></ing>
      <ing>
        <amt>
          <qty>2</qty>
          <unit>cups</unit></amt>
        <item>Ripe Bananas; Sliced</item></ing>
      <ing>
        <amt>
          <qty>From:</qty>
          <unit/></amt>
        <item>Joel Ehrlich &lt;Joel.Ehrlich@SALATA.COM&gt;</item></ing>
      <ing>
        <amt>
          <qty>Date:</qty>
          <unit/></amt>
        <item>Tue, 23 Jul 1996 10:37:51 -0800</item></ing></ingredients>
    <directions>
      <step>  Preheat the oven to 350 degrees.  Combine the sugar, cornstarch, milk and
  salt in a large saucepan.  Cook, stirring, over medium heat until
  thickened. Beat the eggs lightly with a wire whisk. Add a little of the hot
  mixture to the eggs. Blend well. Pour the eggs into the mixture in the
  saucepan. Cook, stirring, for a few minutes. Add the butter and the
  vanilla.  Blend well. Cover the surface of the pudding with plastic wrap.
  Cool slightly.  Place a layer of vanilla wafers on the bottom of a (2 Qt.)
  casserole.  Alternate additional layers of vanilla wafers with layers of
  banana slices and pudding, ending with pudding as the top layer. Bake until
  set (about 10 minutes).
  
  EAT-L Digest 23 July 96
  
  From the EAT-L recipe list.  Downloaded from Glen's MM Recipe Archive,
  http://www.erols.com/hosey.
 
</step></directions></recipe></recipeml>
