<?xml version="1.0" encoding="UTF-8"?>

<recipeml version="0.5">
  <recipe>
    <head>
      <title>Banana Souffle</title>
      <categories>
        <cat>New text im</cat>
        <cat>Cooking rig</cat></categories>
      <yield>1</yield></head>
    <ingredients>
      <ing>
        <amt>
          <qty>2</qty>
          <unit/></amt>
        <item>Very ripe medium bananas; cut 1-inch chunks</item></ing>
      <ing>
        <amt>
          <qty>2</qty>
          <unit>teaspoons</unit></amt>
        <item>Fresh lemon juice</item></ing>
      <ing>
        <amt>
          <qty>2</qty>
          <unit>teaspoons</unit></amt>
        <item>Poire William</item></ing>
      <ing>
        <amt>
          <qty>1</qty>
          <unit>teaspoon</unit></amt>
        <item>Vanilla extract</item></ing>
      <ing>
        <amt>
          <qty>4</qty>
          <unit/></amt>
        <item>Eggs; separated, at room t</item></ing>
      <ing>
        <amt>
          <qty>3</qty>
          <unit>tablespoons</unit></amt>
        <item>Teaspoons sugar (+2tsp)</item></ing>
      <ing>
        <amt>
          <qty>1</qty>
          <unit/></amt>
        <item>Pn cream of tartar Garnish--</item></ing>
      <ing>
        <amt>
          <qty/>
          <unit/></amt>
        <item>Fresh raspberry puree; strained</item></ing></ingredients>
    <directions>
      <step>  Preheat the oven to 450 degrees. Spray four 1 1/2 cup souffle dishes with
  nonstick cooking spray.
  
  In a food processor, puree the bananas with the lemon juice, Poire William
  and vanilla until smooth. Add the egg yolks and 1 teaspoon of the sugar;
  process to blend thoroughly. Scrape the banana base into a medium bowl.
  
  In a mixer bowl, beat the egg whites with the cream of tartar at high speed
  until stiff peaks form. With the mixer on, sprinkle on the remaining 3
  tablespoons sugar and continue beating until the whites are glossy. Fold
  the egg whites into the banana base.
  
  Spoon into the prepared dishes; the mixture will mount to the top. Run your
  thumb around the inside rims to form a 1/4-inch groove in the mixture; this
  will help the souffles rise evenly.
  
  Set the dishes on a baking sheet and bake for 7 minutes. Reduce the heat to
  425 degrees and bake for 7 minutes longer, or until puffed and browned.
  Spoon a little raspberry sauce on top and serve immediately.
  
  Yield: 4 servings
  Recipe By     : COOKING RIGHT SHOW #CR9725
  
  Posted to EAT-L Digest  4 October 96
  
  Date:    Sat, 5 Oct 1996 09:08:44 -0400
  
  From:    Bill Spalding &lt;billspa@ICANECT.NET&gt;
 
</step></directions></recipe></recipeml>
