<?xml version="1.0" encoding="UTF-8"?>

<recipeml version="0.5">
  <recipe>
    <head>
      <title>Banana Pudding</title>
      <categories>
        <cat>None</cat></categories>
      <yield>1</yield></head>
    <ingredients>
      <ing>
        <amt>
          <qty>2</qty>
          <unit>cups</unit></amt>
        <item>Milk</item></ing>
      <ing>
        <amt>
          <qty>2</qty>
          <unit/></amt>
        <item>Eggs; beaten</item></ing>
      <ing>
        <amt>
          <qty>2/3</qty>
          <unit>cups</unit></amt>
        <item>Sugar</item></ing>
      <ing>
        <amt>
          <qty>1/8</qty>
          <unit>teaspoons</unit></amt>
        <item>Salt</item></ing>
      <ing>
        <amt>
          <qty>2</qty>
          <unit>tablespoons</unit></amt>
        <item>Cornstarch</item></ing>
      <ing>
        <amt>
          <qty>1</qty>
          <unit>teaspoon</unit></amt>
        <item>Vanilla</item></ing>
      <ing>
        <amt>
          <qty>48</qty>
          <unit/></amt>
        <item>Vanilla wafers; (about)</item></ing>
      <ing>
        <amt>
          <qty>4</qty>
          <unit/></amt>
        <item>Bananas; diced</item></ing></ingredients>
    <directions>
      <step>  Combine first 5 ingredients in top of a double boiler and beat with an
  electric mixer until smooth. Place over hot water and cover. Cook, stirring
  occasionally, until thick, then cool. Stir in the vanilla. Place alternate
  layers of vanilla wafers, bananas and custard in a 1 1/2-quart casserole.
  Cover and chill, if desired. Serves 6 (Recipe is from SOUTHERN LIVING'S THE
  DEEP SOUTH COOKBOOK.)
  Posted to FOODWINE Digest  by "Joanne L. Schweikj" &lt;SCHWEIKJ@FREDONIA.EDU&gt;
  on Dec 4, 1997
 
</step></directions></recipe></recipeml>
