<?xml version="1.0" encoding="UTF-8"?>

<recipeml version="0.5">
  <recipe>
    <head>
      <title>Banana Pancakes</title>
      <categories>
        <cat>New</cat>
        <cat>Text</cat>
        <cat>Import</cat></categories>
      <yield>1</yield></head>
    <ingredients>
      <ing>
        <amt>
          <qty>1 1/2</qty>
          <unit>cups</unit></amt>
        <item>All-purpose flour</item></ing>
      <ing>
        <amt>
          <qty>1</qty>
          <unit>tablespoon</unit></amt>
        <item>Sugar</item></ing>
      <ing>
        <amt>
          <qty>1/2</qty>
          <unit>teaspoons</unit></amt>
        <item>Salt</item></ing>
      <ing>
        <amt>
          <qty>1</qty>
          <unit>teaspoon</unit></amt>
        <item>Baking soda</item></ing>
      <ing>
        <amt>
          <qty>1</qty>
          <unit>teaspoon</unit></amt>
        <item>Baking powder</item></ing>
      <ing>
        <amt>
          <qty>1</qty>
          <unit>large</unit></amt>
        <item>Egg</item></ing>
      <ing>
        <amt>
          <qty>1</qty>
          <unit>cup</unit></amt>
        <item>Buttermilk</item></ing>
      <ing>
        <amt>
          <qty>1/4</qty>
          <unit>cups</unit></amt>
        <item>Whole milk</item></ing>
      <ing>
        <amt>
          <qty>1</qty>
          <unit>tablespoon</unit></amt>
        <item>Melted unsalted butter,; plus 3 tablespoons</item></ing>
      <ing>
        <amt>
          <qty>3</qty>
          <unit/></amt>
        <item>Ripe bananas, cut into; 1/3-inch slices</item></ing></ingredients>
    <directions>
      <step>  Preheat oven to 200 degrees. In large bowl sift together flour, sugar,
  salt, baking soda and baking powder. In separate bowl whisk together egg,
  buttermilk, milk and melted butter. Slowly combine the dry ingredients with
  the wet ingredients. Stir until the flour disappears, but being careful not
  to overbeat the batter. In a large cast-iron skillet, melt about 1/2
  tablespoon remaining butter. Ladle about 1/4 cup of batter into the pan for
  each pancake. Immediately press 4 or 5 banana slices into each so the
  batter oozes slightly over the fruit. Cook until bubbles appear and then
  flip and cook on the other side, about 3 minutes total. Transfer the
  pancakes to a platter and keep warm in the oven while you cook the
  remaining batches, adding butter to the pan as needed. Serve hot with
  syrup.
  Recipe By     :TOO HOT TAMALES SHOW #TH6124
  
  Posted to MC-Recipe Digest V1 #316
  
  Date: Tue, 26 Nov 1996 08:12:19 -0500
  
  From: Meg Antczak &lt;meginny@frontiernet.net&gt;
 
</step></directions></recipe></recipeml>
