<?xml version="1.0" encoding="UTF-8"?>

<recipeml version="0.5">
  <recipe>
    <head>
      <title>Banana Nut Salad</title>
      <categories>
        <cat>None</cat></categories>
      <yield>1</yield></head>
    <ingredients>
      <ing-div>
        <title>DRESSING</title>
        <ing>
          <amt>
            <qty>1/2</qty>
            <unit>cups</unit></amt>
          <item>Sugar</item></ing>
        <ing>
          <amt>
            <qty>1/2</qty>
            <unit>cups</unit></amt>
          <item>Miracle Whip Salad Dressing; (not mayonaise)</item></ing>
        <ing>
          <amt>
            <qty>1</qty>
            <unit/></amt>
          <item>Egg yolk lightly beaten</item></ing>
        <ing>
          <amt>
            <qty>3</qty>
            <unit>tablespoons</unit></amt>
          <item>White Vinegar</item></ing></ing-div>
      <ing-div>
        <title>SALAD</title>
        <ing>
          <amt>
            <qty>6</qty>
            <unit>medium</unit></amt>
          <item>Bananas; sliced</item></ing>
        <ing>
          <amt>
            <qty>1/2</qty>
            <unit>cups</unit></amt>
          <item>Chopped salted peanuts</item></ing>
        <ing>
          <amt>
            <qty/>
            <unit/></amt>
          <item>Additional chopped peanuts; of garnish, (optional)</item></ing></ing-div></ingredients>
    <directions>
      <step>  As requested by those attending the DC Qfest .... The "Banana Salad"
  
  My wife's recipe is simular to the one in Smoke &amp; Spice, page 346. although
  she did not get hers from the book, it used to be her grandmothers.
  
  Serves six.
  In a small, heavy sauce pan, combine the sugar, egg yolk, and vinegar. Warm
  over low heat, stirring constantly, until the sugar disolves and the
  mixture thickens. Remove the heat and mix in the Miracle Whip.
  
  Combine the bananas and peanuts in a large bowl. Spoon the dressing over
  the salad and mix well. Top with additional peanuts if you wish. The salad
  is best eaten within a couple of hours.
  
  My wife always makes up a big batch of dressing and uses what she wants for
  a given salad and stores the left over dressing in the refrigerator. It
  will hold good for one or two weeks. If you can keep the kids out of it, it
  may last a day or two. When traveling she takes the dressing (in a cooler),
  nuts and bananas with her and mixes it up just before eating. It take no
  time to make the salad. Ummmmm good too.
  Posted to bbq-digest by "Roy A. Young" &lt;royyoung@ix.netcom.com&gt; on Jun 02,
  1998
 
</step></directions></recipe></recipeml>
