<?xml version="1.0" encoding="UTF-8"?>

<recipeml version="0.5">
  <recipe>
    <head>
      <title>Banana Pudding with Mandarine Cream</title>
      <categories>
        <cat>Desserts</cat></categories>
      <yield>6</yield></head>
    <ingredients>
      <ing>
        <amt>
          <qty/>
          <unit/></amt>
        <item>Stephen Ceideburg</item></ing>
      <ing>
        <amt>
          <qty>4</qty>
          <unit>large</unit></amt>
        <item>Bananas</item></ing>
      <ing>
        <amt>
          <qty>200</qty>
          <unit>grams</unit></amt>
        <item>Caster sugar</item></ing>
      <ing>
        <amt>
          <qty>6</qty>
          <unit>tablespoons</unit></amt>
        <item>Mandarine juice</item></ing>
      <ing>
        <amt>
          <qty>3</qty>
          <unit>tablespoons</unit></amt>
        <item>White rum</item></ing>
      <ing>
        <amt>
          <qty>4</qty>
          <unit/></amt>
        <item>Eggs, separated</item></ing>
      <ing>
        <amt>
          <qty>1</qty>
          <unit>pinch</unit></amt>
        <item>Salt</item></ing>
      <ing>
        <amt>
          <qty>3</qty>
          <unit>tablespoons</unit></amt>
        <item>Sugar</item></ing>
      <ing>
        <amt>
          <qty>210</qty>
          <unit>mililiters</unit></amt>
        <item>Mandarine juice</item></ing></ingredients>
    <directions>
      <step>  Loosely related to a dessert from the English-speaking islands of the West
  Indies, this makes a wonderful - and legal - winter fruit pudding. Despite
  its richness, it has next to no fat and, if you use eggs modified with
  omega 3 oil, it couldn't be more nutritionally sound.
  
  Mash 4 large bananas (if anything, slightly overripe) with 200 g caster
  sugar, 6 tablespoons mandarin juice and 3 tablespoons white rum. Separate 4
  eggs and beat the whites with a pinch of salt until they stand in stiff
  peaks. Fold the whites through the banana mixture gently and turn the
  mixture into a serving dish or dishes. Chill for several hours until set.
  
  Meanwhile, beat the egg yolks with 3 tablespoons of sugar until thick and
  creamy. Tip the mixture into the top of a double boiler or a basin over
  simmering water, add 210 mL of mandarine juice and whisk over a gentle heat
  until it reaches coating consistency. Don't let it boil. Chill for several
  hours. Serve with the pudding.
  
  Posted by Stephen Ceideburg
  
  From an article by Meryl Constance in the Sydney Morning Herald, 6/29/93.
  Courtesy, Mark Herron.
  
  From Gemini's MASSIVE MealMaster collection at www.synapse.com/~gemini
 
</step></directions></recipe></recipeml>
