<?xml version="1.0" encoding="UTF-8"?>

<recipeml version="0.5">
  <recipe>
    <head>
      <title>Banana Pudding Parfaits</title>
      <categories>
        <cat>Dessert</cat></categories>
      <yield>6</yield></head>
    <ingredients>
      <ing>
        <amt>
          <qty>1</qty>
          <unit>package</unit></amt>
        <item>(3.4-oz) vanilla instant pudding mix</item></ing>
      <ing>
        <amt>
          <qty>24</qty>
          <unit/></amt>
        <item>Vanilla wafers; crushed</item></ing>
      <ing>
        <amt>
          <qty>2</qty>
          <unit/></amt>
        <item>Bananas; sliced</item></ing>
      <ing>
        <amt>
          <qty>1</qty>
          <unit>cup</unit></amt>
        <item>Frozen whipped topping; thawed</item></ing>
      <ing>
        <amt>
          <qty>12</qty>
          <unit/></amt>
        <item>Wafers for garnish</item></ing></ingredients>
    <directions>
      <step>  submitted by: rstewart@infobahn.icubed.com
  
  Prepare vanilla pudding according to package directions.  Layer pudding,
  crushed vanilla wafers, banana slices, and whipped topping into parfait
  glasses, ending with a dollop of whipped topping. Refrigerate at least 1
  hour. Garnish, if desired. Makes 6 servings.
  
  DAVE &lt;DAVIDG@CLAM.RUTGERS.EDU&gt;
  
  RECIPEINTERNET LIST SERVER
  
  RECIPE ARCHIVE - 15 APRIL 1996
  
  From the 'RECIPEinternet: Recipes from Around the World' recipe list.
  Downloaded from Glen's MM Recipe Archive, http://www.erols.com/hosey.
 
</step></directions></recipe></recipeml>
