<?xml version="1.0" encoding="UTF-8"?>

<recipeml version="0.5">
  <recipe>
    <head>
      <title>Banana Raisin Walnut Muffins</title>
      <categories>
        <cat>Ww</cat>
        <cat>Breads</cat>
        <cat>Breakfast</cat></categories>
      <yield>12</yield></head>
    <ingredients>
      <ing>
        <amt>
          <qty>1</qty>
          <unit>cup</unit></amt>
        <item>+2 T. flour</item></ing>
      <ing>
        <amt>
          <qty>1/2</qty>
          <unit>cups</unit></amt>
        <item>Nonfat dry milk powder</item></ing>
      <ing>
        <amt>
          <qty>1/4</qty>
          <unit>cups</unit></amt>
        <item>Brown sugar; firmly packed</item></ing>
      <ing>
        <amt>
          <qty>2</qty>
          <unit>teaspoons</unit></amt>
        <item>Baking powder</item></ing>
      <ing>
        <amt>
          <qty>1/4</qty>
          <unit>teaspoons</unit></amt>
        <item>Nutmeg</item></ing>
      <ing>
        <amt>
          <qty>1/2</qty>
          <unit>teaspoons</unit></amt>
        <item>Baking soda</item></ing>
      <ing>
        <amt>
          <qty>1</qty>
          <unit>cup</unit></amt>
        <item>+2 T. buttermilk</item></ing>
      <ing>
        <amt>
          <qty>1</qty>
          <unit/></amt>
        <item>Egg; lightly beaten</item></ing>
      <ing>
        <amt>
          <qty>1/4</qty>
          <unit>cups</unit></amt>
        <item>Less 2 t. vegetable oil</item></ing>
      <ing>
        <amt>
          <qty>2</qty>
          <unit>tablespoons</unit></amt>
        <item>Sweet whipped butter, melted</item></ing>
      <ing>
        <amt>
          <qty>1</qty>
          <unit/></amt>
        <item>Banana; ripe, mashed</item></ing>
      <ing>
        <amt>
          <qty>1/2</qty>
          <unit>cups</unit></amt>
        <item>Golden raisins; plumped</item></ing>
      <ing>
        <amt>
          <qty>1</qty>
          <unit>ounce</unit></amt>
        <item>Walnuts; chopped</item></ing></ingredients>
    <directions>
      <step>  Preheat oven to 400. Spray 12 muffin cups with nonstick spray. In medium
  mixing bowl cmbine flour, milk powder, sugar, baking powder, baking soda
  and nutmeg; stir to combine and set aside. In small bowl, combine
  buttermilk, egg, oil, and butter and stir until blended; stir in dry
  ingredients. Add banana, raisins, and walnuts and stir to combine (mixture
  will be lumpy). Fill each baking cup with an equal amount of batter and
  bake for 15 minutes (until golden brown and a toothpick inserted in center
  comes out dry). Transfer muffins from pan to wire rack and cool. Makes 12
  servings, 1 muffin each. One muffin equals 1/4 protein, 1/2 bread, 1 fat,
  1/2 fruit, 1/4 milk, 30 optional calories. From WW Meals in a Minute
  Cookbook. Formatted by Joyce Burton..PDPP83A.
  
  From Gemini's MASSIVE MealMaster collection at www.synapse.com/~gemini
 
</step></directions></recipe></recipeml>
