<?xml version="1.0" encoding="UTF-8"?>

<recipeml version="0.5">
  <recipe>
    <head>
      <title>Banana Oatmeal Cookies W/ Banana Frosting</title>
      <categories>
        <cat>Cookies</cat></categories>
      <yield>60</yield></head>
    <ingredients>
      <ing-div>
        <title/>
        <ing>
          <amt>
            <qty>3/4</qty>
            <unit>cups</unit></amt>
          <item>Butter Flavor Crisco</item></ing>
        <ing>
          <amt>
            <qty>1</qty>
            <unit>cup</unit></amt>
          <item>Sugar, brown; firmly packed</item></ing>
        <ing>
          <amt>
            <qty>1</qty>
            <unit/></amt>
          <item>Egg</item></ing>
        <ing>
          <amt>
            <qty>1</qty>
            <unit>cup</unit></amt>
          <item>Bananas, mashed; ripe</item></ing>
        <ing>
          <amt>
            <qty>2</qty>
            <unit/></amt>
          <item>Medium; (2 to 3)</item></ing>
        <ing>
          <amt>
            <qty>1 3/4</qty>
            <unit>cups</unit></amt>
          <item>Oats, quick; NOT instant or</item></ing>
        <ing>
          <amt>
            <qty/>
            <unit/></amt>
          <item>Old fashioned</item></ing>
        <ing>
          <amt>
            <qty>1 1/2</qty>
            <unit>cups</unit></amt>
          <item>Flour; all purpose</item></ing>
        <ing>
          <amt>
            <qty>1</qty>
            <unit>teaspoon</unit></amt>
          <item>Salt</item></ing>
        <ing>
          <amt>
            <qty>1</qty>
            <unit>teaspoon</unit></amt>
          <item>Cinnamon</item></ing>
        <ing>
          <amt>
            <qty>1/2</qty>
            <unit>teaspoons</unit></amt>
          <item>Baking soda</item></ing>
        <ing>
          <amt>
            <qty>1/4</qty>
            <unit>teaspoons</unit></amt>
          <item>Nutmeg</item></ing>
        <ing>
          <amt>
            <qty>1/2</qty>
            <unit>cups</unit></amt>
          <item>Walnuts; coarsely chopped</item></ing></ing-div>
      <ing-div>
        <title>FROSTING [ OPTIONAL</title>
        <ing>
          <amt>
            <qty>2</qty>
            <unit>tablespoons</unit></amt>
          <item>Butter Flavor Crisco</item></ing>
        <ing>
          <amt>
            <qty>1/4</qty>
            <unit>cups</unit></amt>
          <item>Bananas; mashed</item></ing>
        <ing>
          <amt>
            <qty>1</qty>
            <unit>teaspoon</unit></amt>
          <item>Lemon juice</item></ing>
        <ing>
          <amt>
            <qty>2</qty>
            <unit>cups</unit></amt>
          <item>Sugar; confectioners</item></ing>
        <ing>
          <amt>
            <qty/>
            <unit/></amt>
          <item>Walnuts; finely chopped opt.</item></ing></ing-div></ingredients>
    <directions>
      <step>  Preparation Time: 20 Minutes               Bake Time: 15 to 17 Minutes 1.
  Heat oven to 350 F. Grease baking sheet with Butter Flavor Crisco. Set
  aside.
  
  2. Cream 3/4 cup Butter Flavor Crisco and brown sugar in large bowl at
  medium speed of electric mixer until well blended. Beat in egg. Add 1 cup
  mashed bananas. Mix until creamy.
  
  3. Combine oats, flour, salt cinnamon, baking soda and nutmeg. Stir into
  creamed mixture. Mix in 1/2 cup nuts. Drop 2 level measuring tablespoonfuls
  of dough into a mound to form each cookie. Place 2 inches apart on baking
  sheet.
  
  4. Bake at 350 for 15 to 17 minutes. Cool 1 minute on baking sheet. Remove
  to cooling rack. Cool completely.
  
  5. For frosting, Cream 2 tablespoons Butter Flavor Crisco, 1/4 cup mashed
  bananas and lemon juice. Add confectioners sugar. Beat until smooth. Frost
  cooled cookies. Sprinkle with finely chopped walnuts, if desired.
  
  Makes 5 dozen 2 inch cookies.
  
  Source: Butter Flavor Crisco Cookie Collection, page 37. Shared by: David
  kNight
 
</step></directions></recipe></recipeml>
