<?xml version="1.0" encoding="UTF-8"?>

<recipeml version="0.5">
  <recipe>
    <head>
      <title>Banana Orange Raisin Bread</title>
      <categories>
        <cat>Breads</cat></categories>
      <yield>16</yield></head>
    <ingredients>
      <ing-div>
        <title>FROM LOIS FLACK</title></ing-div>
      <ing-div>
        <title>CYBEREALM BBS (315)786-1120</title>
        <ing>
          <amt>
            <qty/>
            <unit/></amt>
          <item>*      *      *      *     *</item></ing>
        <ing>
          <amt>
            <qty>2 1/2</qty>
            <unit>cups</unit></amt>
          <item>All-purpose Flour</item></ing>
        <ing>
          <amt>
            <qty>3/4</qty>
            <unit>cups</unit></amt>
          <item>Any Flavor Wheat Germ</item></ing>
        <ing>
          <amt>
            <qty>1/2</qty>
            <unit>cups</unit></amt>
          <item>Sugar</item></ing>
        <ing>
          <amt>
            <qty>2</qty>
            <unit>teaspoons</unit></amt>
          <item>Baking Powder</item></ing>
        <ing>
          <amt>
            <qty>1/2</qty>
            <unit>teaspoons</unit></amt>
          <item>Baking Soda</item></ing>
        <ing>
          <amt>
            <qty>1/2</qty>
            <unit>teaspoons</unit></amt>
          <item>Salt (optional)</item></ing>
        <ing>
          <amt>
            <qty>3/4</qty>
            <unit>cups</unit></amt>
          <item>Raisins or Chpd Dried Figs</item></ing>
        <ing>
          <amt>
            <qty>1</qty>
            <unit/></amt>
          <item>Egg and 2 Egg Whites</item></ing>
        <ing>
          <amt>
            <qty>1/3</qty>
            <unit>cups</unit></amt>
          <item>Vegetable Oil</item></ing>
        <ing>
          <amt>
            <qty>1</qty>
            <unit>cup</unit></amt>
          <item>Mashed Ripe Bananas (about2)</item></ing>
        <ing>
          <amt>
            <qty>3/4</qty>
            <unit>cups</unit></amt>
          <item>Orange Juice</item></ing>
        <ing>
          <amt>
            <qty>2</qty>
            <unit>teaspoons</unit></amt>
          <item>Grated Orange Peel</item></ing>
        <ing>
          <amt>
            <qty>1</qty>
            <unit>teaspoon</unit></amt>
          <item>Vanilla</item></ing></ing-div></ingredients>
    <directions>
      <step>  Heat oven to 350øF. Spray 9 x 5-inch loaf pan with
  non-stick cooking spray. In a large bowl combine dry
  ingredients, mixing well; add to dry ingredients.  Mix
  just until moistened.  Pour into prepared pan. Bake 60
  to 70 minutes or until wooden pick inserted in the
  center comes out clean. Cool 10 minutes; remove from
  pan.  Cool completely.
  
  NUTRITIONAL INFORMATION:
  
  Calories...........200  Calories from Fat.....54
  Protein.........5 g Total Fat..........6 g
  Cholesterol........15 mg  Dietary Fiber...2 g
  Carbohydrates.....34 g  Sodium............110 mg
  
  From Gemini's MASSIVE MealMaster collection at www.synapse.com/~gemini
 
</step></directions></recipe></recipeml>
