<?xml version="1.0" encoding="UTF-8"?>

<recipeml version="0.5">
  <recipe>
    <head>
      <title>Banana Pudding</title>
      <categories>
        <cat>None</cat></categories>
      <yield>8</yield></head>
    <ingredients>
      <ing>
        <amt>
          <qty>3 3/4</qty>
          <unit>cups</unit></amt>
        <item>Milk</item></ing>
      <ing>
        <amt>
          <qty>2</qty>
          <unit>packages</unit></amt>
        <item>(3 1/4-oz.) vanilla pudding and pie mix</item></ing>
      <ing>
        <amt>
          <qty>3</qty>
          <unit/></amt>
        <item>Eggs separated</item></ing>
      <ing>
        <amt>
          <qty>3</qty>
          <unit>teaspoons</unit></amt>
        <item>Vanilla; divided</item></ing>
      <ing>
        <amt>
          <qty>1</qty>
          <unit>cup</unit></amt>
        <item>Whipping cream; whipped</item></ing>
      <ing>
        <amt>
          <qty>1</qty>
          <unit>package</unit></amt>
        <item>(3-oz.) lady fingers -or-</item></ing>
      <ing>
        <amt>
          <qty>1</qty>
          <unit/></amt>
        <item>Angel (13-oz) food cake; torn into small pieces</item></ing>
      <ing>
        <amt>
          <qty>4</qty>
          <unit/></amt>
        <item>Bananas; sliced thinly crosswise</item></ing>
      <ing>
        <amt>
          <qty>1/4</qty>
          <unit>teaspoons</unit></amt>
        <item>Nutmeg</item></ing>
      <ing>
        <amt>
          <qty>1/3</qty>
          <unit>cups</unit></amt>
        <item>Sugar</item></ing></ingredients>
    <directions>
      <step>  In medium saucepan gradually blend milk and pudding mix. Add egg yolks and
  1 tsp. vanilla, beating with electric mixer until smooth. Cook, stirring
  constantly, until pudding comes to a full boil. Remove from heat, cover
  with foil or plastic wrap and cool thoroughly, about 20-30 minutes. Fold in
  whipped cream to which remaining vanilla has been added. Arrange 1/2 the
  lady fingers or cake in bottom of 2 1/2-quart baking dish. Spoon 1/2 the
  pudding over cake and arrange 1/2 the banans over pudding. Sprinkle layer
  with 1/2 the nutmeg. Repeat layers once more. Beat egg whites, gradually
  adding sugar, until stiff. Spoon meringue over cooled pudding and bake at
  350 degrees for 7-8 minutes or until lightly browned.
  
  (Recipe is from SOUTHERN SIDEBOARDS)
  
  Posted to FOODWINE Digest  by "Joanne L. Schweikj" &lt;SCHWEIKJ@FREDONIA.EDU&gt;
  on Dec 4, 1997
 
</step></directions></recipe></recipeml>
