<?xml version="1.0" encoding="UTF-8"?>

<recipeml version="0.5">
  <recipe>
    <head>
      <title>Banana Pancakes</title>
      <categories>
        <cat>Polkadot</cat>
        <cat>Lisa</cat>
        <cat>Low-fat/cal</cat>
        <cat>Fruits</cat>
        <cat>Breakfast</cat></categories>
      <yield>3</yield></head>
    <ingredients>
      <ing>
        <amt>
          <qty>1</qty>
          <unit>cup</unit></amt>
        <item>All-purpose flour</item></ing>
      <ing>
        <amt>
          <qty>1</qty>
          <unit>tablespoon</unit></amt>
        <item>Sugar</item></ing>
      <ing>
        <amt>
          <qty>1</qty>
          <unit>teaspoon</unit></amt>
        <item>Baking powder</item></ing>
      <ing>
        <amt>
          <qty>1/2</qty>
          <unit>teaspoons</unit></amt>
        <item>Baking soda</item></ing>
      <ing>
        <amt>
          <qty>1/4</qty>
          <unit>teaspoons</unit></amt>
        <item>Salt</item></ing>
      <ing>
        <amt>
          <qty>1 1/4</qty>
          <unit>cups</unit></amt>
        <item>Low-fat buttermilk</item></ing>
      <ing>
        <amt>
          <qty>1</qty>
          <unit>tablespoon</unit></amt>
        <item>Vegetable oil</item></ing>
      <ing>
        <amt>
          <qty>1/2</qty>
          <unit>teaspoons</unit></amt>
        <item>Vanilla extract</item></ing>
      <ing>
        <amt>
          <qty>1</qty>
          <unit/></amt>
        <item>Egg</item></ing>
      <ing>
        <amt>
          <qty>1 1/2</qty>
          <unit>cups</unit></amt>
        <item>Chopped ripe banana</item></ing>
      <ing>
        <amt>
          <qty>3</qty>
          <unit>tablespoons</unit></amt>
        <item>Chopped pecans, toasted</item></ing>
      <ing>
        <amt>
          <qty/>
          <unit/></amt>
        <item>Cinnamon-Rum Syrup</item></ing></ingredients>
    <directions>
      <step>  Combine first 5 ingredients in a large bowl; stir well.  Combine
  buttermilk, oil, vanilla, and egg in a small bowl; stir well.  Add to flour
  mixture, stirring until smooth.  Fold in banana.
  
  Spoon about 1/3 cup batter for each pancake onto a hot nonstick griddle or
  nonstick skillet.  Turn pancakes when tops are covered with bubbles and
  edges look cooked.  Serve with Cinnamon-Rum Syrup, and sprinkle with
  pecans.  Yield: 9 pancakes (serving size: 3 pancakes, 1 tb pecans, and 4 ts
  syrup).
  
  CALORIES 433 (31% from fat); PROTEIN 11.6g; FAT 13.7g (sat 3.1g, mono 5.2g,
  poly 3.9g); CARB 67.4g; FIBER 3.8g; CHOL 74mg; IRON 2.8mg; SODIUM 492mg;
  CALC 239mg
  
  Source:  Cooking Light, November 1995, "The Coolest Hot Cakes Ever"
  
  This was prety much a dismal failure, but I don't think it was because of
  the recipe.  They do desrve another try, so I am posting them here. I had
  never made pancakes before, so there was a little problem with that, and
  the bananas appeared to be *too* ripe (they were orange-ish and hard
  instead of mushy...).
  
  * From the Polka Dot Cottage, 1-201-822-3627, NJ's BBS for Homemakers!
    Posted by LISA on 10-17-95
  
  Posted to MC-Recipe Digest V1 #709 by Lisa Clarke &lt;lisa@gaf.com&gt; on Aug 1,
  97
 
</step></directions></recipe></recipeml>
